date,attraction,visitors
2024-01-01,Tokyo Tower,257
2024-01-01,Shibuya Crossing,312
2024-01-01,Fushimi Inari Shrine,201
2024-01-01,Arashiyama Bamboo Grove,511
2024-01-01,Osaka Castle,680
2024-01-01,Nara Park,410
2024-01-01,Sensoji Temple,461
2024-01-02,Tokyo Tower,433
2024-01-02,Shibuya Crossing,379
2024-01-02,Fushimi Inari Shrine,606
2024-01-02,Arashiyama Bamboo Grove,592
2024-01-02,Osaka Castle,700
2024-01-02,Nara Park,406
2024-01-02,Sensoji Temple,704
2024-01-03,Tokyo Tower,399
2024-01-03,Shibuya Crossing,228
2024-01-03,Fushimi Inari Shrine,203
2024-01-03,Arashiyama Bamboo Grove,634
2024-01-03,Osaka Castle,704
2024-01-03,Nara Park,591
2024-01-03,Sensoji Temple,584
2024-01-04,Tokyo Tower,404
2024-01-04,Shibuya Crossing,345
2024-01-04,Fushimi Inari Shrine,103
2024-01-04,Arashiyama Bamboo Grove,614
2024-01-04,Osaka Castle,564
2024-01-04,Nara Park,618
2024-01-04,Sensoji Temple,540
2024-01-05,Tokyo Tower,717
2024-01-05,Shibuya Crossing,707
2024-01-05,Fushimi Inari Shrine,724
2024-01-05,Arashiyama Bamboo Grove,501
2024-01-05,Osaka Castle,296
2024-01-05,Nara Park,224
2024-01-05,Sensoji Temple,260
2024-01-06,Tokyo Tower,305
2024-01-06,Shibuya Crossing,745
2024-01-06,Fushimi Inari Shrine,632
2024-01-06,Arashiyama Bamboo Grove,621
2024-01-06,Osaka Castle,309
2024-01-06,Nara Park,279
2024-01-06,Sensoji Temple,334
2024-01-07,Tokyo Tower,613
2024-01-07,Shibuya Crossing,202
2024-01-07,Fushimi Inari Shrine,662
2024-01-07,Arashiyama Bamboo Grove,654
2024-01-07,Osaka Castle,323
2024-01-07,Nara Park,619
2024-01-07,Sensoji Temple,374
2024-01-08,Tokyo Tower,655
2024-01-08,Shibuya Crossing,769
2024-01-08,Fushimi Inari Shrine,371
2024-01-08,Arashiyama Bamboo Grove,641
2024-01-08,Osaka Castle,250
2024-01-08,Nara Park,675
2024-01-08,Sensoji Temple,736
2024-01-09,Tokyo Tower,707
2024-01-09,Shibuya Crossing,201
2024-01-09,Fushimi Inari Shrine,832
2024-01-09,Arashiyama Bamboo Grove,688
2024-01-09,Osaka Castle,604
2024-01-09,Nara Park,563
2024-01-09,Sensoji Temple,468
2024-01-10,Tokyo Tower,573
2024-01-10,Shibuya Crossing,496
2024-01-10,Fushimi Inari Shrine,399
2024-01-10,Arashiyama Bamboo Grove,597
2024-01-10,Osaka Castle,195
2024-01-10,Nara Park,628
2024-01-10,Sensoji Temple,519
2024-01-11,Tokyo Tower,500
2024-01-11,Shibuya Crossing,200
2024-01-11,Fushimi Inari Shrine,306
2024-01-11,Arashiyama Bamboo Grove,451
2024-01-11,Osaka Castle,538
2024-01-11,Nara Park,581
2024-01-11,Sensoji Temple,537
2024-01-12,Tokyo Tower,382
2024-01-12,Shibuya Crossing,535
2024-01-12,Fushimi Inari Shrine,507
2024-01-12,Arashiyama Bamboo Grove,630
2024-01-12,Osaka Castle,502
2024-01-12,Nara Park,673
2024-01-12,Sensoji Temple,395
2024-01-13,Tokyo Tower,614
2024-01-13,Shibuya Crossing,660
2024-01-13,Fushimi Inari Shrine,688
2024-01-13,Arashiyama Bamboo Grove,381
2024-01-13,Osaka Castle,545
2024-01-13,Nara Park,813
2024-01-13,Sensoji Temple,281
2024-01-14,Tokyo Tower,220
2024-01-14,Shibuya Crossing,535
2024-01-14,Fushimi Inari Shrine,260
2024-01-14,Arashiyama Bamboo Grove,623
2024-01-14,Osaka Castle,813
2024-01-14,Nara Park,637
2024-01-14,Sensoji Temple,493
2024-01-15,Tokyo Tower,334
2024-01-15,Shibuya Crossing,479
2024-01-15,Fushimi Inari Shrine,266
2024-01-15,Arashiyama Bamboo Grove,412
2024-01-15,Osaka Castle,718
2024-01-15,Nara Park,612
2024-01-15,Sensoji Temple,624
2024-01-16,Tokyo Tower,307
2024-01-16,Shibuya Crossing,840
2024-01-16,Fushimi Inari Shrine,232
2024-01-16,Arashiyama Bamboo Grove,236
2024-01-16,Osaka Castle,515
2024-01-16,Nara Park,227
2024-01-16,Sensoji Temple,599
2024-01-17,Tokyo Tower,730
2024-01-17,Shibuya Crossing,646
2024-01-17,Fushimi Inari Shrine,745
2024-01-17,Arashiyama Bamboo Grove,260
2024-01-17,Osaka Castle,598
2024-01-17,Nara Park,276
2024-01-17,Sensoji Temple,527
2024-01-18,Tokyo Tower,142
2024-01-18,Shibuya Crossing,247
2024-01-18,Fushimi Inari Shrine,238
2024-01-18,Arashiyama Bamboo Grove,269
2024-01-18,Osaka Castle,743
2024-01-18,Nara Park,819
2024-01-18,Sensoji Temple,267
2024-01-19,Tokyo Tower,717
2024-01-19,Shibuya Crossing,636
2024-01-19,Fushimi Inari Shrine,334
2024-01-19,Arashiyama Bamboo Grove,661
2024-01-19,Osaka Castle,608
2024-01-19,Nara Park,304
2024-01-19,Sensoji Temple,325
2024-01-20,Tokyo Tower,678
2024-01-20,Shibuya Crossing,675
2024-01-20,Fushimi Inari Shrine,217
2024-01-20,Arashiyama Bamboo Grove,740
2024-01-20,Osaka Castle,300
2024-01-20,Nara Park,720
2024-01-20,Sensoji Temple,730
2024-01-21,Tokyo Tower,300
2024-01-21,Shibuya Crossing,536
2024-01-21,Fushimi Inari Shrine,184
2024-01-21,Arashiyama Bamboo Grove,501
2024-01-21,Osaka Castle,406
2024-01-21,Nara Park,333
2024-01-21,Sensoji Temple,195
2024-01-22,Tokyo Tower,389
2024-01-22,Shibuya Crossing,588
2024-01-22,Fushimi Inari Shrine,289
2024-01-22,Arashiyama Bamboo Grove,780
2024-01-22,Osaka Castle,825
2024-01-22,Nara Park,673
2024-01-22,Sensoji Temple,422
2024-01-23,Tokyo Tower,454
2024-01-23,Shibuya Crossing,427
2024-01-23,Fushimi Inari Shrine,454
2024-01-23,Arashiyama Bamboo Grove,464
2024-01-23,Osaka Castle,472
2024-01-23,Nara Park,535
2024-01-23,Sensoji Temple,293
2024-01-24,Tokyo Tower,616
2024-01-24,Shibuya Crossing,288
2024-01-24,Fushimi Inari Shrine,603
2024-01-24,Arashiyama Bamboo Grove,601
2024-01-24,Osaka Castle,658
2024-01-24,Nara Park,462
2024-01-24,Sensoji Temple,643
2024-01-25,Tokyo Tower,597
2024-01-25,Shibuya Crossing,604
2024-01-25,Fushimi Inari Shrine,502
2024-01-25,Arashiyama Bamboo Grove,233
2024-01-25,Osaka Castle,684
2024-01-25,Nara Park,445
2024-01-25,Sensoji Temple,474
2024-01-26,Tokyo Tower,239
2024-01-26,Shibuya Crossing,614
2024-01-26,Fushimi Inari Shrine,562
2024-01-26,Arashiyama Bamboo Grove,727
2024-01-26,Osaka Castle,586
2024-01-26,Nara Park,805
2024-01-26,Sensoji Temple,433
2024-01-27,Tokyo Tower,849
2024-01-27,Shibuya Crossing,341
2024-01-27,Fushimi Inari Shrine,297
2024-01-27,Arashiyama Bamboo Grove,389
2024-01-27,Osaka Castle,365
2024-01-27,Nara Park,153
2024-01-27,Sensoji Temple,753
2024-01-28,Tokyo Tower,293
2024-01-28,Shibuya Crossing,343
2024-01-28,Fushimi Inari Shrine,661
2024-01-28,Arashiyama Bamboo Grove,915
2024-01-28,Osaka Castle,353
2024-01-28,Nara Park,387
2024-01-28,Sensoji Temple,839
2024-01-29,Tokyo Tower,828
2024-01-29,Shibuya Crossing,819
2024-01-29,Fushimi Inari Shrine,257
2024-01-29,Arashiyama Bamboo Grove,560
2024-01-29,Osaka Castle,448
2024-01-29,Nara Park,328
2024-01-29,Sensoji Temple,636
2024-01-30,Tokyo Tower,785
2024-01-30,Shibuya Crossing,112
2024-01-30,Fushimi Inari Shrine,586
2024-01-30,Arashiyama Bamboo Grove,724
2024-01-30,Osaka Castle,335
2024-01-30,Nara Park,288
2024-01-30,Sensoji Temple,855
2024-01-31,Tokyo Tower,111
2024-01-31,Shibuya Crossing,385
2024-01-31,Fushimi Inari Shrine,325
2024-01-31,Arashiyama Bamboo Grove,621
2024-01-31,Osaka Castle,111
2024-01-31,Nara Park,764
2024-01-31,Sensoji Temple,322
2024-02-01,Tokyo Tower,312
2024-02-01,Shibuya Crossing,181
2024-02-01,Fushimi Inari Shrine,326
2024-02-01,Arashiyama Bamboo Grove,449
2024-02-01,Osaka Castle,605
2024-02-01,Nara Park,362
2024-02-01,Sensoji Temple,690
2024-02-02,Tokyo Tower,808
2024-02-02,Shibuya Crossing,815
2024-02-02,Fushimi Inari Shrine,140
2024-02-02,Arashiyama Bamboo Grove,553
2024-02-02,Osaka Castle,244
2024-02-02,Nara Park,431
2024-02-02,Sensoji Temple,313
2024-02-03,Tokyo Tower,593
2024-02-03,Shibuya Crossing,292
2024-02-03,Fushimi Inari Shrine,531
2024-02-03,Arashiyama Bamboo Grove,891
2024-02-03,Osaka Castle,510
2024-02-03,Nara Park,303
2024-02-03,Sensoji Temple,385
2024-02-04,Tokyo Tower,461
2024-02-04,Shibuya Crossing,174
2024-02-04,Fushimi Inari Shrine,406
2024-02-04,Arashiyama Bamboo Grove,397
2024-02-04,Osaka Castle,701
2024-02-04,Nara Park,712
2024-02-04,Sensoji Temple,675
2024-02-05,Tokyo Tower,767
2024-02-05,Shibuya Crossing,548
2024-02-05,Fushimi Inari Shrine,605
2024-02-05,Arashiyama Bamboo Grove,209
2024-02-05,Osaka Castle,686
2024-02-05,Nara Park,732
2024-02-05,Sensoji Temple,670
2024-02-06,Tokyo Tower,320
2024-02-06,Shibuya Crossing,577
2024-02-06,Fushimi Inari Shrine,275
2024-02-06,Arashiyama Bamboo Grove,324
2024-02-06,Osaka Castle,517
2024-02-06,Nara Park,613
2024-02-06,Sensoji Temple,613
2024-02-07,Tokyo Tower,745
2024-02-07,Shibuya Crossing,239
2024-02-07,Fushimi Inari Shrine,477
2024-02-07,Arashiyama Bamboo Grove,362
2024-02-07,Osaka Castle,798
2024-02-07,Nara Park,674
2024-02-07,Sensoji Temple,817
2024-02-08,Tokyo Tower,664
2024-02-08,Shibuya Crossing,651
2024-02-08,Fushimi Inari Shrine,278
2024-02-08,Arashiyama Bamboo Grove,770
2024-02-08,Osaka Castle,267
2024-02-08,Nara Park,436
2024-02-08,Sensoji Temple,220
2024-02-09,Tokyo Tower,363
2024-02-09,Shibuya Crossing,240
2024-02-09,Fushimi Inari Shrine,838
2024-02-09,Arashiyama Bamboo Grove,498
2024-02-09,Osaka Castle,527
2024-02-09,Nara Park,298
2024-02-09,Sensoji Temple,278
2024-02-10,Tokyo Tower,561
2024-02-10,Shibuya Crossing,816
2024-02-10,Fushimi Inari Shrine,738
2024-02-10,Arashiyama Bamboo Grove,913
2024-02-10,Osaka Castle,447
2024-02-10,Nara Park,355
2024-02-10,Sensoji Temple,190
2024-02-11,Tokyo Tower,566
2024-02-11,Shibuya Crossing,374
2024-02-11,Fushimi Inari Shrine,402
2024-02-11,Arashiyama Bamboo Grove,479
2024-02-11,Osaka Castle,488
2024-02-11,Nara Park,176
2024-02-11,Sensoji Temple,388
2024-02-12,Tokyo Tower,794
2024-02-12,Shibuya Crossing,599
2024-02-12,Fushimi Inari Shrine,696
2024-02-12,Arashiyama Bamboo Grove,137
2024-02-12,Osaka Castle,330
2024-02-12,Nara Park,124
2024-02-12,Sensoji Temple,420
2024-02-13,Tokyo Tower,649
2024-02-13,Shibuya Crossing,316
2024-02-13,Fushimi Inari Shrine,424
2024-02-13,Arashiyama Bamboo Grove,242
2024-02-13,Osaka Castle,600
2024-02-13,Nara Park,342
2024-02-13,Sensoji Temple,699
2024-02-14,Tokyo Tower,672
2024-02-14,Shibuya Crossing,390
2024-02-14,Fushimi Inari Shrine,365
2024-02-14,Arashiyama Bamboo Grove,651
2024-02-14,Osaka Castle,471
2024-02-14,Nara Park,366
2024-02-14,Sensoji Temple,578
2024-02-15,Tokyo Tower,292
2024-02-15,Shibuya Crossing,505
2024-02-15,Fushimi Inari Shrine,328
2024-02-15,Arashiyama Bamboo Grove,768
2024-02-15,Osaka Castle,438
2024-02-15,Nara Park,690
2024-02-15,Sensoji Temple,518
2024-02-16,Tokyo Tower,547
2024-02-16,Shibuya Crossing,279
2024-02-16,Fushimi Inari Shrine,694
2024-02-16,Arashiyama Bamboo Grove,264
2024-02-16,Osaka Castle,520
2024-02-16,Nara Park,639
2024-02-16,Sensoji Temple,446
2024-02-17,Tokyo Tower,176
2024-02-17,Shibuya Crossing,540
2024-02-17,Fushimi Inari Shrine,473
2024-02-17,Arashiyama Bamboo Grove,606
2024-02-17,Osaka Castle,810
2024-02-17,Nara Park,664
2024-02-17,Sensoji Temple,500
2024-02-18,Tokyo Tower,489
2024-02-18,Shibuya Crossing,646
2024-02-18,Fushimi Inari Shrine,295
2024-02-18,Arashiyama Bamboo Grove,612
2024-02-18,Osaka Castle,541
2024-02-18,Nara Park,467
2024-02-18,Sensoji Temple,510
2024-02-19,Tokyo Tower,402
2024-02-19,Shibuya Crossing,256
2024-02-19,Fushimi Inari Shrine,669
2024-02-19,Arashiyama Bamboo Grove,396
2024-02-19,Osaka Castle,464
2024-02-19,Nara Park,636
2024-02-19,Sensoji Temple,589
2024-02-20,Tokyo Tower,381
2024-02-20,Shibuya Crossing,217
2024-02-20,Fushimi Inari Shrine,478
2024-02-20,Arashiyama Bamboo Grove,115
2024-02-20,Osaka Castle,119
2024-02-20,Nara Park,738
2024-02-20,Sensoji Temple,739
2024-02-21,Tokyo Tower,776
2024-02-21,Shibuya Crossing,496
2024-02-21,Fushimi Inari Shrine,690
2024-02-21,Arashiyama Bamboo Grove,493
2024-02-21,Osaka Castle,682
2024-02-21,Nara Park,688
2024-02-21,Sensoji Temple,424
2024-02-22,Tokyo Tower,607
2024-02-22,Shibuya Crossing,139
2024-02-22,Fushimi Inari Shrine,274
2024-02-22,Arashiyama Bamboo Grove,761
2024-02-22,Osaka Castle,331
2024-02-22,Nara Park,480
2024-02-22,Sensoji Temple,397
2024-02-23,Tokyo Tower,707
2024-02-23,Shibuya Crossing,261
2024-02-23,Fushimi Inari Shrine,315
2024-02-23,Arashiyama Bamboo Grove,584
2024-02-23,Osaka Castle,318
2024-02-23,Nara Park,755
2024-02-23,Sensoji Temple,630
2024-02-24,Tokyo Tower,264
2024-02-24,Shibuya Crossing,614
2024-02-24,Fushimi Inari Shrine,571
2024-02-24,Arashiyama Bamboo Grove,165
2024-02-24,Osaka Castle,809
2024-02-24,Nara Park,521
2024-02-24,Sensoji Temple,593
2024-02-25,Tokyo Tower,269
2024-02-25,Shibuya Crossing,858
2024-02-25,Fushimi Inari Shrine,565
2024-02-25,Arashiyama Bamboo Grove,476
2024-02-25,Osaka Castle,374
2024-02-25,Nara Park,380
2024-02-25,Sensoji Temple,594
2024-02-26,Tokyo Tower,446
2024-02-26,Shibuya Crossing,207
2024-02-26,Fushimi Inari Shrine,703
2024-02-26,Arashiyama Bamboo Grove,561
2024-02-26,Osaka Castle,283
2024-02-26,Nara Park,545
2024-02-26,Sensoji Temple,675
2024-02-27,Tokyo Tower,324
2024-02-27,Shibuya Crossing,649
2024-02-27,Fushimi Inari Shrine,219
2024-02-27,Arashiyama Bamboo Grove,369
2024-02-27,Osaka Castle,460
2024-02-27,Nara Park,490
2024-02-27,Sensoji Temple,626
2024-02-28,Tokyo Tower,568
2024-02-28,Shibuya Crossing,467
2024-02-28,Fushimi Inari Shrine,440
2024-02-28,Arashiyama Bamboo Grove,461
2024-02-28,Osaka Castle,242
2024-02-28,Nara Park,699
2024-02-28,Sensoji Temple,332
2024-02-29,Tokyo Tower,669
2024-02-29,Shibuya Crossing,356
2024-02-29,Fushimi Inari Shrine,593
2024-02-29,Arashiyama Bamboo Grove,847
2024-02-29,Osaka Castle,449
2024-02-29,Nara Park,468
2024-02-29,Sensoji Temple,378
2024-03-01,Tokyo Tower,1016
2024-03-01,Shibuya Crossing,984
2024-03-01,Fushimi Inari Shrine,912
2024-03-01,Arashiyama Bamboo Grove,555
2024-03-01,Osaka Castle,695
2024-03-01,Nara Park,1154
2024-03-01,Sensoji Temple,965
2024-03-02,Tokyo Tower,857
2024-03-02,Shibuya Crossing,678
2024-03-02,Fushimi Inari Shrine,641
2024-03-02,Arashiyama Bamboo Grove,695
2024-03-02,Osaka Castle,1042
2024-03-02,Nara Park,940
2024-03-02,Sensoji Temple,624
2024-03-03,Tokyo Tower,750
2024-03-03,Shibuya Crossing,743
2024-03-03,Fushimi Inari Shrine,730
2024-03-03,Arashiyama Bamboo Grove,700
2024-03-03,Osaka Castle,994
2024-03-03,Nara Park,635
2024-03-03,Sensoji Temple,583
2024-03-04,Tokyo Tower,645
2024-03-04,Shibuya Crossing,794
2024-03-04,Fushimi Inari Shrine,651
2024-03-04,Arashiyama Bamboo Grove,832
2024-03-04,Osaka Castle,866
2024-03-04,Nara Park,655
2024-03-04,Sensoji Temple,1079
2024-03-05,Tokyo Tower,752
2024-03-05,Shibuya Crossing,954
2024-03-05,Fushimi Inari Shrine,1104
2024-03-05,Arashiyama Bamboo Grove,781
2024-03-05,Osaka Castle,821
2024-03-05,Nara Park,682
2024-03-05,Sensoji Temple,617
2024-03-06,Tokyo Tower,655
2024-03-06,Shibuya Crossing,975
2024-03-06,Fushimi Inari Shrine,880
2024-03-06,Arashiyama Bamboo Grove,427
2024-03-06,Osaka Castle,637
2024-03-06,Nara Park,919
2024-03-06,Sensoji Temple,1015
2024-03-07,Tokyo Tower,893
2024-03-07,Shibuya Crossing,865
2024-03-07,Fushimi Inari Shrine,898
2024-03-07,Arashiyama Bamboo Grove,609
2024-03-07,Osaka Castle,509
2024-03-07,Nara Park,682
2024-03-07,Sensoji Temple,605
2024-03-08,Tokyo Tower,463
2024-03-08,Shibuya Crossing,846
2024-03-08,Fushimi Inari Shrine,666
2024-03-08,Arashiyama Bamboo Grove,919
2024-03-08,Osaka Castle,1039
2024-03-08,Nara Park,876
2024-03-08,Sensoji Temple,965
2024-03-09,Tokyo Tower,696
2024-03-09,Shibuya Crossing,1070
2024-03-09,Fushimi Inari Shrine,1102
2024-03-09,Arashiyama Bamboo Grove,844
2024-03-09,Osaka Castle,1053
2024-03-09,Nara Park,979
2024-03-09,Sensoji Temple,1066
2024-03-10,Tokyo Tower,894
2024-03-10,Shibuya Crossing,829
2024-03-10,Fushimi Inari Shrine,727
2024-03-10,Arashiyama Bamboo Grove,603
2024-03-10,Osaka Castle,763
2024-03-10,Nara Park,969
2024-03-10,Sensoji Temple,1040
2024-03-11,Tokyo Tower,946
2024-03-11,Shibuya Crossing,726
2024-03-11,Fushimi Inari Shrine,595
2024-03-11,Arashiyama Bamboo Grove,933
2024-03-11,Osaka Castle,830
2024-03-11,Nara Park,748
2024-03-11,Sensoji Temple,691
2024-03-12,Tokyo Tower,524
2024-03-12,Shibuya Crossing,486
2024-03-12,Fushimi Inari Shrine,856
2024-03-12,Arashiyama Bamboo Grove,735
2024-03-12,Osaka Castle,974
2024-03-12,Nara Park,769
2024-03-12,Sensoji Temple,565
2024-03-13,Tokyo Tower,820
2024-03-13,Shibuya Crossing,749
2024-03-13,Fushimi Inari Shrine,490
2024-03-13,Arashiyama Bamboo Grove,746
2024-03-13,Osaka Castle,684
2024-03-13,Nara Park,816
2024-03-13,Sensoji Temple,814
2024-03-14,Tokyo Tower,778
2024-03-14,Shibuya Crossing,644
2024-03-14,Fushimi Inari Shrine,1087
2024-03-14,Arashiyama Bamboo Grove,1123
2024-03-14,Osaka Castle,824
2024-03-14,Nara Park,818
2024-03-14,Sensoji Temple,964
2024-03-15,Tokyo Tower,795
2024-03-15,Shibuya Crossing,593
2024-03-15,Fushimi Inari Shrine,553
2024-03-15,Arashiyama Bamboo Grove,399
2024-03-15,Osaka Castle,1080
2024-03-15,Nara Park,424
2024-03-15,Sensoji Temple,671
2024-03-16,Tokyo Tower,588
2024-03-16,Shibuya Crossing,711
2024-03-16,Fushimi Inari Shrine,909
2024-03-16,Arashiyama Bamboo Grove,807
2024-03-16,Osaka Castle,553
2024-03-16,Nara Park,825
2024-03-16,Sensoji Temple,1020
2024-03-17,Tokyo Tower,687
2024-03-17,Shibuya Crossing,700
2024-03-17,Fushimi Inari Shrine,607
2024-03-17,Arashiyama Bamboo Grove,876
2024-03-17,Osaka Castle,591
2024-03-17,Nara Park,1007
2024-03-17,Sensoji Temple,334
2024-03-18,Tokyo Tower,778
2024-03-18,Shibuya Crossing,574
2024-03-18,Fushimi Inari Shrine,622
2024-03-18,Arashiyama Bamboo Grove,807
2024-03-18,Osaka Castle,691
2024-03-18,Nara Park,656
2024-03-18,Sensoji Temple,884
2024-03-19,Tokyo Tower,694
2024-03-19,Shibuya Crossing,455
2024-03-19,Fushimi Inari Shrine,602
2024-03-19,Arashiyama Bamboo Grove,983
2024-03-19,Osaka Castle,614
2024-03-19,Nara Park,1055
2024-03-19,Sensoji Temple,846
2024-03-20,Tokyo Tower,707
2024-03-20,Shibuya Crossing,704
2024-03-20,Fushimi Inari Shrine,981
2024-03-20,Arashiyama Bamboo Grove,909
2024-03-20,Osaka Castle,884
2024-03-20,Nara Park,1115
2024-03-20,Sensoji Temple,720
2024-03-21,Tokyo Tower,736
2024-03-21,Shibuya Crossing,773
2024-03-21,Fushimi Inari Shrine,661
2024-03-21,Arashiyama Bamboo Grove,534
2024-03-21,Osaka Castle,1134
2024-03-21,Nara Park,820
2024-03-21,Sensoji Temple,948
2024-03-22,Tokyo Tower,795
2024-03-22,Shibuya Crossing,1123
2024-03-22,Fushimi Inari Shrine,594
2024-03-22,Arashiyama Bamboo Grove,903
2024-03-22,Osaka Castle,749
2024-03-22,Nara Park,663
2024-03-22,Sensoji Temple,1142
2024-03-23,Tokyo Tower,863
2024-03-23,Shibuya Crossing,428
2024-03-23,Fushimi Inari Shrine,949
2024-03-23,Arashiyama Bamboo Grove,866
2024-03-23,Osaka Castle,796
2024-03-23,Nara Park,932
2024-03-23,Sensoji Temple,560
2024-03-24,Tokyo Tower,885
2024-03-24,Shibuya Crossing,1031
2024-03-24,Fushimi Inari Shrine,926
2024-03-24,Arashiyama Bamboo Grove,795
2024-03-24,Osaka Castle,966
2024-03-24,Nara Park,622
2024-03-24,Sensoji Temple,1060
2024-03-25,Tokyo Tower,976
2024-03-25,Shibuya Crossing,691
2024-03-25,Fushimi Inari Shrine,836
2024-03-25,Arashiyama Bamboo Grove,1140
2024-03-25,Osaka Castle,1067
2024-03-25,Nara Park,841
2024-03-25,Sensoji Temple,540
2024-03-26,Tokyo Tower,770
2024-03-26,Shibuya Crossing,845
2024-03-26,Fushimi Inari Shrine,659
2024-03-26,Arashiyama Bamboo Grove,1140
2024-03-26,Osaka Castle,660
2024-03-26,Nara Park,922
2024-03-26,Sensoji Temple,541
2024-03-27,Tokyo Tower,1051
2024-03-27,Shibuya Crossing,492
2024-03-27,Fushimi Inari Shrine,632
2024-03-27,Arashiyama Bamboo Grove,883
2024-03-27,Osaka Castle,582
2024-03-27,Nara Park,1095
2024-03-27,Sensoji Temple,504
2024-03-28,Tokyo Tower,576
2024-03-28,Shibuya Crossing,668
2024-03-28,Fushimi Inari Shrine,654
2024-03-28,Arashiyama Bamboo Grove,949
2024-03-28,Osaka Castle,444
2024-03-28,Nara Park,576
2024-03-28,Sensoji Temple,817
2024-03-29,Tokyo Tower,774
2024-03-29,Shibuya Crossing,624
2024-03-29,Fushimi Inari Shrine,790
2024-03-29,Arashiyama Bamboo Grove,1151
2024-03-29,Osaka Castle,755
2024-03-29,Nara Park,614
2024-03-29,Sensoji Temple,862
2024-03-30,Tokyo Tower,511
2024-03-30,Shibuya Crossing,458
2024-03-30,Fushimi Inari Shrine,761
2024-03-30,Arashiyama Bamboo Grove,659
2024-03-30,Osaka Castle,765
2024-03-30,Nara Park,1024
2024-03-30,Sensoji Temple,1040
2024-03-31,Tokyo Tower,811
2024-03-31,Shibuya Crossing,781
2024-03-31,Fushimi Inari Shrine,923
2024-03-31,Arashiyama Bamboo Grove,524
2024-03-31,Osaka Castle,373
2024-03-31,Nara Park,790
2024-03-31,Sensoji Temple,898
2024-04-01,Tokyo Tower,1002
2024-04-01,Shibuya Crossing,740
2024-04-01,Fushimi Inari Shrine,1219
2024-04-01,Arashiyama Bamboo Grove,820
2024-04-01,Osaka Castle,940
2024-04-01,Nara Park,803
2024-04-01,Sensoji Temple,1129
2024-04-02,Tokyo Tower,624
2024-04-02,Shibuya Crossing,1028
2024-04-02,Fushimi Inari Shrine,801
2024-04-02,Arashiyama Bamboo Grove,445
2024-04-02,Osaka Castle,1147
2024-04-02,Nara Park,714
2024-04-02,Sensoji Temple,591
2024-04-03,Tokyo Tower,848
2024-04-03,Shibuya Crossing,793
2024-04-03,Fushimi Inari Shrine,925
2024-04-03,Arashiyama Bamboo Grove,792
2024-04-03,Osaka Castle,757
2024-04-03,Nara Park,931
2024-04-03,Sensoji Temple,911
2024-04-04,Tokyo Tower,784
2024-04-04,Shibuya Crossing,592
2024-04-04,Fushimi Inari Shrine,673
2024-04-04,Arashiyama Bamboo Grove,761
2024-04-04,Osaka Castle,834
2024-04-04,Nara Park,689
2024-04-04,Sensoji Temple,841
2024-04-05,Tokyo Tower,863
2024-04-05,Shibuya Crossing,911
2024-04-05,Fushimi Inari Shrine,1034
2024-04-05,Arashiyama Bamboo Grove,564
2024-04-05,Osaka Castle,545
2024-04-05,Nara Park,522
2024-04-05,Sensoji Temple,720
2024-04-06,Tokyo Tower,617
2024-04-06,Shibuya Crossing,445
2024-04-06,Fushimi Inari Shrine,841
2024-04-06,Arashiyama Bamboo Grove,814
2024-04-06,Osaka Castle,840
2024-04-06,Nara Park,516
2024-04-06,Sensoji Temple,862
2024-04-07,Tokyo Tower,798
2024-04-07,Shibuya Crossing,841
2024-04-07,Fushimi Inari Shrine,709
2024-04-07,Arashiyama Bamboo Grove,805
2024-04-07,Osaka Castle,928
2024-04-07,Nara Park,666
2024-04-07,Sensoji Temple,760
2024-04-08,Tokyo Tower,1102
2024-04-08,Shibuya Crossing,479
2024-04-08,Fushimi Inari Shrine,713
2024-04-08,Arashiyama Bamboo Grove,864
2024-04-08,Osaka Castle,1068
2024-04-08,Nara Park,1110
2024-04-08,Sensoji Temple,1039
2024-04-09,Tokyo Tower,853
2024-04-09,Shibuya Crossing,696
2024-04-09,Fushimi Inari Shrine,854
2024-04-09,Arashiyama Bamboo Grove,1038
2024-04-09,Osaka Castle,914
2024-04-09,Nara Park,712
2024-04-09,Sensoji Temple,882
2024-04-10,Tokyo Tower,461
2024-04-10,Shibuya Crossing,840
2024-04-10,Fushimi Inari Shrine,864
2024-04-10,Arashiyama Bamboo Grove,495
2024-04-10,Osaka Castle,897
2024-04-10,Nara Park,582
2024-04-10,Sensoji Temple,588
2024-04-11,Tokyo Tower,1043
2024-04-11,Shibuya Crossing,627
2024-04-11,Fushimi Inari Shrine,680
2024-04-11,Arashiyama Bamboo Grove,780
2024-04-11,Osaka Castle,411
2024-04-11,Nara Park,889
2024-04-11,Sensoji Temple,994
2024-04-12,Tokyo Tower,580
2024-04-12,Shibuya Crossing,572
2024-04-12,Fushimi Inari Shrine,807
2024-04-12,Arashiyama Bamboo Grove,877
2024-04-12,Osaka Castle,792
2024-04-12,Nara Park,566
2024-04-12,Sensoji Temple,723
2024-04-13,Tokyo Tower,514
2024-04-13,Shibuya Crossing,1009
2024-04-13,Fushimi Inari Shrine,940
2024-04-13,Arashiyama Bamboo Grove,684
2024-04-13,Osaka Castle,702
2024-04-13,Nara Park,1157
2024-04-13,Sensoji Temple,891
2024-04-14,Tokyo Tower,785
2024-04-14,Shibuya Crossing,947
2024-04-14,Fushimi Inari Shrine,681
2024-04-14,Arashiyama Bamboo Grove,605
2024-04-14,Osaka Castle,820
2024-04-14,Nara Park,558
2024-04-14,Sensoji Temple,935
2024-04-15,Tokyo Tower,1121
2024-04-15,Shibuya Crossing,551
2024-04-15,Fushimi Inari Shrine,736
2024-04-15,Arashiyama Bamboo Grove,1143
2024-04-15,Osaka Castle,514
2024-04-15,Nara Park,612
2024-04-15,Sensoji Temple,960
2024-04-16,Tokyo Tower,705
2024-04-16,Shibuya Crossing,560
2024-04-16,Fushimi Inari Shrine,922
2024-04-16,Arashiyama Bamboo Grove,779
2024-04-16,Osaka Castle,995
2024-04-16,Nara Park,1265
2024-04-16,Sensoji Temple,568
2024-04-17,Tokyo Tower,1025
2024-04-17,Shibuya Crossing,697
2024-04-17,Fushimi Inari Shrine,1004
2024-04-17,Arashiyama Bamboo Grove,749
2024-04-17,Osaka Castle,1037
2024-04-17,Nara Park,771
2024-04-17,Sensoji Temple,513
2024-04-18,Tokyo Tower,721
2024-04-18,Shibuya Crossing,978
2024-04-18,Fushimi Inari Shrine,522
2024-04-18,Arashiyama Bamboo Grove,1044
2024-04-18,Osaka Castle,1031
2024-04-18,Nara Park,680
2024-04-18,Sensoji Temple,973
2024-04-19,Tokyo Tower,615
2024-04-19,Shibuya Crossing,638
2024-04-19,Fushimi Inari Shrine,746
2024-04-19,Arashiyama Bamboo Grove,913
2024-04-19,Osaka Castle,936
2024-04-19,Nara Park,1055
2024-04-19,Sensoji Temple,832
2024-04-20,Tokyo Tower,736
2024-04-20,Shibuya Crossing,560
2024-04-20,Fushimi Inari Shrine,616
2024-04-20,Arashiyama Bamboo Grove,916
2024-04-20,Osaka Castle,998
2024-04-20,Nara Park,490
2024-04-20,Sensoji Temple,1085
2024-04-21,Tokyo Tower,881
2024-04-21,Shibuya Crossing,970
2024-04-21,Fushimi Inari Shrine,986
2024-04-21,Arashiyama Bamboo Grove,672
2024-04-21,Osaka Castle,1196
2024-04-21,Nara Park,945
2024-04-21,Sensoji Temple,733
2024-04-22,Tokyo Tower,880
2024-04-22,Shibuya Crossing,777
2024-04-22,Fushimi Inari Shrine,724
2024-04-22,Arashiyama Bamboo Grove,927
2024-04-22,Osaka Castle,602
2024-04-22,Nara Park,862
2024-04-22,Sensoji Temple,716
2024-04-23,Tokyo Tower,711
2024-04-23,Shibuya Crossing,856
2024-04-23,Fushimi Inari Shrine,586
2024-04-23,Arashiyama Bamboo Grove,465
2024-04-23,Osaka Castle,885
2024-04-23,Nara Park,1042
2024-04-23,Sensoji Temple,661
2024-04-24,Tokyo Tower,746
2024-04-24,Shibuya Crossing,803
2024-04-24,Fushimi Inari Shrine,581
2024-04-24,Arashiyama Bamboo Grove,859
2024-04-24,Osaka Castle,737
2024-04-24,Nara Park,419
2024-04-24,Sensoji Temple,611
2024-04-25,Tokyo Tower,951
2024-04-25,Shibuya Crossing,582
2024-04-25,Fushimi Inari Shrine,669
2024-04-25,Arashiyama Bamboo Grove,596
2024-04-25,Osaka Castle,787
2024-04-25,Nara Park,756
2024-04-25,Sensoji Temple,886
2024-04-26,Tokyo Tower,998
2024-04-26,Shibuya Crossing,1000
2024-04-26,Fushimi Inari Shrine,632
2024-04-26,Arashiyama Bamboo Grove,652
2024-04-26,Osaka Castle,536
2024-04-26,Nara Park,854
2024-04-26,Sensoji Temple,657
2024-04-27,Tokyo Tower,650
2024-04-27,Shibuya Crossing,810
2024-04-27,Fushimi Inari Shrine,878
2024-04-27,Arashiyama Bamboo Grove,660
2024-04-27,Osaka Castle,1042
2024-04-27,Nara Park,971
2024-04-27,Sensoji Temple,761
2024-04-28,Tokyo Tower,485
2024-04-28,Shibuya Crossing,1091
2024-04-28,Fushimi Inari Shrine,963
2024-04-28,Arashiyama Bamboo Grove,872
2024-04-28,Osaka Castle,775
2024-04-28,Nara Park,1079
2024-04-28,Sensoji Temple,799
2024-04-29,Tokyo Tower,823
2024-04-29,Shibuya Crossing,990
2024-04-29,Fushimi Inari Shrine,1042
2024-04-29,Arashiyama Bamboo Grove,989
2024-04-29,Osaka Castle,669
2024-04-29,Nara Park,973
2024-04-29,Sensoji Temple,1022
2024-04-30,Tokyo Tower,616
2024-04-30,Shibuya Crossing,791
2024-04-30,Fushimi Inari Shrine,1075
2024-04-30,Arashiyama Bamboo Grove,620
2024-04-30,Osaka Castle,637
2024-04-30,Nara Park,711
2024-04-30,Sensoji Temple,501
2024-05-01,Tokyo Tower,176
2024-05-01,Shibuya Crossing,613
2024-05-01,Fushimi Inari Shrine,350
2024-05-01,Arashiyama Bamboo Grove,268
2024-05-01,Osaka Castle,450
2024-05-01,Nara Park,617
2024-05-01,Sensoji Temple,392
2024-05-02,Tokyo Tower,767
2024-05-02,Shibuya Crossing,732
2024-05-02,Fushimi Inari Shrine,412
2024-05-02,Arashiyama Bamboo Grove,579
2024-05-02,Osaka Castle,523
2024-05-02,Nara Park,537
2024-05-02,Sensoji Temple,661
2024-05-03,Tokyo Tower,425
2024-05-03,Shibuya Crossing,485
2024-05-03,Fushimi Inari Shrine,555
2024-05-03,Arashiyama Bamboo Grove,432
2024-05-03,Osaka Castle,578
2024-05-03,Nara Park,427
2024-05-03,Sensoji Temple,719
2024-05-04,Tokyo Tower,564
2024-05-04,Shibuya Crossing,406
2024-05-04,Fushimi Inari Shrine,653
2024-05-04,Arashiyama Bamboo Grove,343
2024-05-04,Osaka Castle,684
2024-05-04,Nara Park,277
2024-05-04,Sensoji Temple,739
2024-05-05,Tokyo Tower,458
2024-05-05,Shibuya Crossing,655
2024-05-05,Fushimi Inari Shrine,703
2024-05-05,Arashiyama Bamboo Grove,233
2024-05-05,Osaka Castle,583
2024-05-05,Nara Park,387
2024-05-05,Sensoji Temple,307
2024-05-06,Tokyo Tower,802
2024-05-06,Shibuya Crossing,403
2024-05-06,Fushimi Inari Shrine,629
2024-05-06,Arashiyama Bamboo Grove,549
2024-05-06,Osaka Castle,455
2024-05-06,Nara Park,420
2024-05-06,Sensoji Temple,481
2024-05-07,Tokyo Tower,735
2024-05-07,Shibuya Crossing,690
2024-05-07,Fushimi Inari Shrine,580
2024-05-07,Arashiyama Bamboo Grove,480
2024-05-07,Osaka Castle,648
2024-05-07,Nara Park,209
2024-05-07,Sensoji Temple,478
2024-05-08,Tokyo Tower,400
2024-05-08,Shibuya Crossing,224
2024-05-08,Fushimi Inari Shrine,282
2024-05-08,Arashiyama Bamboo Grove,596
2024-05-08,Osaka Castle,430
2024-05-08,Nara Park,599
2024-05-08,Sensoji Temple,368
2024-05-09,Tokyo Tower,621
2024-05-09,Shibuya Crossing,805
2024-05-09,Fushimi Inari Shrine,461
2024-05-09,Arashiyama Bamboo Grove,360
2024-05-09,Osaka Castle,650
2024-05-09,Nara Park,815
2024-05-09,Sensoji Temple,229
2024-05-10,Tokyo Tower,469
2024-05-10,Shibuya Crossing,358
2024-05-10,Fushimi Inari Shrine,548
2024-05-10,Arashiyama Bamboo Grove,703
2024-05-10,Osaka Castle,457
2024-05-10,Nara Park,533
2024-05-10,Sensoji Temple,278
2024-05-11,Tokyo Tower,357
2024-05-11,Shibuya Crossing,297
2024-05-11,Fushimi Inari Shrine,399
2024-05-11,Arashiyama Bamboo Grove,681
2024-05-11,Osaka Castle,278
2024-05-11,Nara Park,863
2024-05-11,Sensoji Temple,457
2024-05-12,Tokyo Tower,768
2024-05-12,Shibuya Crossing,523
2024-05-12,Fushimi Inari Shrine,396
2024-05-12,Arashiyama Bamboo Grove,704
2024-05-12,Osaka Castle,588
2024-05-12,Nara Park,272
2024-05-12,Sensoji Temple,558
2024-05-13,Tokyo Tower,287
2024-05-13,Shibuya Crossing,330
2024-05-13,Fushimi Inari Shrine,207
2024-05-13,Arashiyama Bamboo Grove,690
2024-05-13,Osaka Castle,646
2024-05-13,Nara Park,494
2024-05-13,Sensoji Temple,644
2024-05-14,Tokyo Tower,728
2024-05-14,Shibuya Crossing,423
2024-05-14,Fushimi Inari Shrine,623
2024-05-14,Arashiyama Bamboo Grove,226
2024-05-14,Osaka Castle,289
2024-05-14,Nara Park,384
2024-05-14,Sensoji Temple,844
2024-05-15,Tokyo Tower,532
2024-05-15,Shibuya Crossing,303
2024-05-15,Fushimi Inari Shrine,546
2024-05-15,Arashiyama Bamboo Grove,742
2024-05-15,Osaka Castle,505
2024-05-15,Nara Park,474
2024-05-15,Sensoji Temple,740
2024-05-16,Tokyo Tower,737
2024-05-16,Shibuya Crossing,672
2024-05-16,Fushimi Inari Shrine,683
2024-05-16,Arashiyama Bamboo Grove,543
2024-05-16,Osaka Castle,473
2024-05-16,Nara Park,761
2024-05-16,Sensoji Temple,768
2024-05-17,Tokyo Tower,781
2024-05-17,Shibuya Crossing,293
2024-05-17,Fushimi Inari Shrine,780
2024-05-17,Arashiyama Bamboo Grove,288
2024-05-17,Osaka Castle,404
2024-05-17,Nara Park,663
2024-05-17,Sensoji Temple,385
2024-05-18,Tokyo Tower,544
2024-05-18,Shibuya Crossing,779
2024-05-18,Fushimi Inari Shrine,262
2024-05-18,Arashiyama Bamboo Grove,552
2024-05-18,Osaka Castle,576
2024-05-18,Nara Park,671
2024-05-18,Sensoji Temple,558
2024-05-19,Tokyo Tower,783
2024-05-19,Shibuya Crossing,406
2024-05-19,Fushimi Inari Shrine,557
2024-05-19,Arashiyama Bamboo Grove,203
2024-05-19,Osaka Castle,809
2024-05-19,Nara Park,309
2024-05-19,Sensoji Temple,403
2024-05-20,Tokyo Tower,688
2024-05-20,Shibuya Crossing,203
2024-05-20,Fushimi Inari Shrine,294
2024-05-20,Arashiyama Bamboo Grove,331
2024-05-20,Osaka Castle,683
2024-05-20,Nara Park,707
2024-05-20,Sensoji Temple,478
2024-05-21,Tokyo Tower,551
2024-05-21,Shibuya Crossing,708
2024-05-21,Fushimi Inari Shrine,667
2024-05-21,Arashiyama Bamboo Grove,445
2024-05-21,Osaka Castle,351
2024-05-21,Nara Park,603
2024-05-21,Sensoji Temple,513
2024-05-22,Tokyo Tower,286
2024-05-22,Shibuya Crossing,392
2024-05-22,Fushimi Inari Shrine,350
2024-05-22,Arashiyama Bamboo Grove,679
2024-05-22,Osaka Castle,449
2024-05-22,Nara Park,517
2024-05-22,Sensoji Temple,366
2024-05-23,Tokyo Tower,632
2024-05-23,Shibuya Crossing,320
2024-05-23,Fushimi Inari Shrine,691
2024-05-23,Arashiyama Bamboo Grove,645
2024-05-23,Osaka Castle,852
2024-05-23,Nara Park,537
2024-05-23,Sensoji Temple,738
2024-05-24,Tokyo Tower,497
2024-05-24,Shibuya Crossing,368
2024-05-24,Fushimi Inari Shrine,455
2024-05-24,Arashiyama Bamboo Grove,686
2024-05-24,Osaka Castle,390
2024-05-24,Nara Park,419
2024-05-24,Sensoji Temple,689
2024-05-25,Tokyo Tower,464
2024-05-25,Shibuya Crossing,265
2024-05-25,Fushimi Inari Shrine,715
2024-05-25,Arashiyama Bamboo Grove,473
2024-05-25,Osaka Castle,598
2024-05-25,Nara Park,453
2024-05-25,Sensoji Temple,547
2024-05-26,Tokyo Tower,829
2024-05-26,Shibuya Crossing,604
2024-05-26,Fushimi Inari Shrine,616
2024-05-26,Arashiyama Bamboo Grove,714
2024-05-26,Osaka Castle,435
2024-05-26,Nara Park,485
2024-05-26,Sensoji Temple,309
2024-05-27,Tokyo Tower,207
2024-05-27,Shibuya Crossing,635
2024-05-27,Fushimi Inari Shrine,452
2024-05-27,Arashiyama Bamboo Grove,501
2024-05-27,Osaka Castle,529
2024-05-27,Nara Park,445
2024-05-27,Sensoji Temple,392
2024-05-28,Tokyo Tower,281
2024-05-28,Shibuya Crossing,363
2024-05-28,Fushimi Inari Shrine,159
2024-05-28,Arashiyama Bamboo Grove,452
2024-05-28,Osaka Castle,788
2024-05-28,Nara Park,497
2024-05-28,Sensoji Temple,506
2024-05-29,Tokyo Tower,617
2024-05-29,Shibuya Crossing,657
2024-05-29,Fushimi Inari Shrine,459
2024-05-29,Arashiyama Bamboo Grove,477
2024-05-29,Osaka Castle,445
2024-05-29,Nara Park,575
2024-05-29,Sensoji Temple,665
2024-05-30,Tokyo Tower,703
2024-05-30,Shibuya Crossing,640
2024-05-30,Fushimi Inari Shrine,733
2024-05-30,Arashiyama Bamboo Grove,592
2024-05-30,Osaka Castle,649
2024-05-30,Nara Park,297
2024-05-30,Sensoji Temple,692
2024-05-31,Tokyo Tower,411
2024-05-31,Shibuya Crossing,606
2024-05-31,Fushimi Inari Shrine,738
2024-05-31,Arashiyama Bamboo Grove,644
2024-05-31,Osaka Castle,486
2024-05-31,Nara Park,563
2024-05-31,Sensoji Temple,492
2024-06-01,Tokyo Tower,462
2024-06-01,Shibuya Crossing,263
2024-06-01,Fushimi Inari Shrine,454
2024-06-01,Arashiyama Bamboo Grove,389
2024-06-01,Osaka Castle,789
2024-06-01,Nara Park,462
2024-06-01,Sensoji Temple,445
2024-06-02,Tokyo Tower,617
2024-06-02,Shibuya Crossing,472
2024-06-02,Fushimi Inari Shrine,616
2024-06-02,Arashiyama Bamboo Grove,530
2024-06-02,Osaka Castle,493
2024-06-02,Nara Park,554
2024-06-02,Sensoji Temple,216
2024-06-03,Tokyo Tower,733
2024-06-03,Shibuya Crossing,809
2024-06-03,Fushimi Inari Shrine,384
2024-06-03,Arashiyama Bamboo Grove,610
2024-06-03,Osaka Castle,533
2024-06-03,Nara Park,471
2024-06-03,Sensoji Temple,743
2024-06-04,Tokyo Tower,469
2024-06-04,Shibuya Crossing,353
2024-06-04,Fushimi Inari Shrine,355
2024-06-04,Arashiyama Bamboo Grove,447
2024-06-04,Osaka Castle,592
2024-06-04,Nara Park,622
2024-06-04,Sensoji Temple,457
2024-06-05,Tokyo Tower,220
2024-06-05,Shibuya Crossing,308
2024-06-05,Fushimi Inari Shrine,462
2024-06-05,Arashiyama Bamboo Grove,602
2024-06-05,Osaka Castle,476
2024-06-05,Nara Park,422
2024-06-05,Sensoji Temple,560
2024-06-06,Tokyo Tower,709
2024-06-06,Shibuya Crossing,380
2024-06-06,Fushimi Inari Shrine,779
2024-06-06,Arashiyama Bamboo Grove,650
2024-06-06,Osaka Castle,726
2024-06-06,Nara Park,560
2024-06-06,Sensoji Temple,710
2024-06-07,Tokyo Tower,523
2024-06-07,Shibuya Crossing,370
2024-06-07,Fushimi Inari Shrine,663
2024-06-07,Arashiyama Bamboo Grove,473
2024-06-07,Osaka Castle,547
2024-06-07,Nara Park,586
2024-06-07,Sensoji Temple,266
2024-06-08,Tokyo Tower,308
2024-06-08,Shibuya Crossing,368
2024-06-08,Fushimi Inari Shrine,489
2024-06-08,Arashiyama Bamboo Grove,384
2024-06-08,Osaka Castle,627
2024-06-08,Nara Park,815
2024-06-08,Sensoji Temple,558
2024-06-09,Tokyo Tower,539
2024-06-09,Shibuya Crossing,540
2024-06-09,Fushimi Inari Shrine,551
2024-06-09,Arashiyama Bamboo Grove,547
2024-06-09,Osaka Castle,366
2024-06-09,Nara Park,527
2024-06-09,Sensoji Temple,684
2024-06-10,Tokyo Tower,671
2024-06-10,Shibuya Crossing,453
2024-06-10,Fushimi Inari Shrine,514
2024-06-10,Arashiyama Bamboo Grove,352
2024-06-10,Osaka Castle,333
2024-06-10,Nara Park,605
2024-06-10,Sensoji Temple,394
2024-06-11,Tokyo Tower,360
2024-06-11,Shibuya Crossing,623
2024-06-11,Fushimi Inari Shrine,127
2024-06-11,Arashiyama Bamboo Grove,410
2024-06-11,Osaka Castle,500
2024-06-11,Nara Park,757
2024-06-11,Sensoji Temple,128
2024-06-12,Tokyo Tower,366
2024-06-12,Shibuya Crossing,744
2024-06-12,Fushimi Inari Shrine,554
2024-06-12,Arashiyama Bamboo Grove,644
2024-06-12,Osaka Castle,740
2024-06-12,Nara Park,327
2024-06-12,Sensoji Temple,644
2024-06-13,Tokyo Tower,577
2024-06-13,Shibuya Crossing,789
2024-06-13,Fushimi Inari Shrine,212
2024-06-13,Arashiyama Bamboo Grove,344
2024-06-13,Osaka Castle,179
2024-06-13,Nara Park,655
2024-06-13,Sensoji Temple,376
2024-06-14,Tokyo Tower,373
2024-06-14,Shibuya Crossing,584
2024-06-14,Fushimi Inari Shrine,636
2024-06-14,Arashiyama Bamboo Grove,306
2024-06-14,Osaka Castle,595
2024-06-14,Nara Park,543
2024-06-14,Sensoji Temple,634
2024-06-15,Tokyo Tower,546
2024-06-15,Shibuya Crossing,584
2024-06-15,Fushimi Inari Shrine,423
2024-06-15,Arashiyama Bamboo Grove,538
2024-06-15,Osaka Castle,707
2024-06-15,Nara Park,605
2024-06-15,Sensoji Temple,796
2024-06-16,Tokyo Tower,520
2024-06-16,Shibuya Crossing,716
2024-06-16,Fushimi Inari Shrine,317
2024-06-16,Arashiyama Bamboo Grove,396
2024-06-16,Osaka Castle,882
2024-06-16,Nara Park,284
2024-06-16,Sensoji Temple,389
2024-06-17,Tokyo Tower,177
2024-06-17,Shibuya Crossing,778
2024-06-17,Fushimi Inari Shrine,729
2024-06-17,Arashiyama Bamboo Grove,833
2024-06-17,Osaka Castle,354
2024-06-17,Nara Park,362
2024-06-17,Sensoji Temple,625
2024-06-18,Tokyo Tower,504
2024-06-18,Shibuya Crossing,759
2024-06-18,Fushimi Inari Shrine,537
2024-06-18,Arashiyama Bamboo Grove,346
2024-06-18,Osaka Castle,302
2024-06-18,Nara Park,583
2024-06-18,Sensoji Temple,457
2024-06-19,Tokyo Tower,556
2024-06-19,Shibuya Crossing,284
2024-06-19,Fushimi Inari Shrine,727
2024-06-19,Arashiyama Bamboo Grove,512
2024-06-19,Osaka Castle,352
2024-06-19,Nara Park,553
2024-06-19,Sensoji Temple,246
2024-06-20,Tokyo Tower,719
2024-06-20,Shibuya Crossing,214
2024-06-20,Fushimi Inari Shrine,757
2024-06-20,Arashiyama Bamboo Grove,375
2024-06-20,Osaka Castle,513
2024-06-20,Nara Park,404
2024-06-20,Sensoji Temple,542
2024-06-21,Tokyo Tower,791
2024-06-21,Shibuya Crossing,478
2024-06-21,Fushimi Inari Shrine,246
2024-06-21,Arashiyama Bamboo Grove,775
2024-06-21,Osaka Castle,265
2024-06-21,Nara Park,513
2024-06-21,Sensoji Temple,428
2024-06-22,Tokyo Tower,645
2024-06-22,Shibuya Crossing,558
2024-06-22,Fushimi Inari Shrine,715
2024-06-22,Arashiyama Bamboo Grove,230
2024-06-22,Osaka Castle,492
2024-06-22,Nara Park,399
2024-06-22,Sensoji Temple,369
2024-06-23,Tokyo Tower,230
2024-06-23,Shibuya Crossing,725
2024-06-23,Fushimi Inari Shrine,417
2024-06-23,Arashiyama Bamboo Grove,862
2024-06-23,Osaka Castle,157
2024-06-23,Nara Park,396
2024-06-23,Sensoji Temple,648
2024-06-24,Tokyo Tower,319
2024-06-24,Shibuya Crossing,422
2024-06-24,Fushimi Inari Shrine,245
2024-06-24,Arashiyama Bamboo Grove,515
2024-06-24,Osaka Castle,198
2024-06-24,Nara Park,709
2024-06-24,Sensoji Temple,296
2024-06-25,Tokyo Tower,508
2024-06-25,Shibuya Crossing,661
2024-06-25,Fushimi Inari Shrine,538
2024-06-25,Arashiyama Bamboo Grove,542
2024-06-25,Osaka Castle,672
2024-06-25,Nara Park,355
2024-06-25,Sensoji Temple,263
2024-06-26,Tokyo Tower,680
2024-06-26,Shibuya Crossing,594
2024-06-26,Fushimi Inari Shrine,532
2024-06-26,Arashiyama Bamboo Grove,266
2024-06-26,Osaka Castle,271
2024-06-26,Nara Park,650
2024-06-26,Sensoji Temple,816
2024-06-27,Tokyo Tower,480
2024-06-27,Shibuya Crossing,466
2024-06-27,Fushimi Inari Shrine,733
2024-06-27,Arashiyama Bamboo Grove,783
2024-06-27,Osaka Castle,385
2024-06-27,Nara Park,200
2024-06-27,Sensoji Temple,235
2024-06-28,Tokyo Tower,834
2024-06-28,Shibuya Crossing,559
2024-06-28,Fushimi Inari Shrine,349
2024-06-28,Arashiyama Bamboo Grove,364
2024-06-28,Osaka Castle,427
2024-06-28,Nara Park,484
2024-06-28,Sensoji Temple,609
2024-06-29,Tokyo Tower,237
2024-06-29,Shibuya Crossing,474
2024-06-29,Fushimi Inari Shrine,584
2024-06-29,Arashiyama Bamboo Grove,261
2024-06-29,Osaka Castle,766
2024-06-29,Nara Park,506
2024-06-29,Sensoji Temple,362
2024-06-30,Tokyo Tower,712
2024-06-30,Shibuya Crossing,783
2024-06-30,Fushimi Inari Shrine,383
2024-06-30,Arashiyama Bamboo Grove,407
2024-06-30,Osaka Castle,789
2024-06-30,Nara Park,241
2024-06-30,Sensoji Temple,384
2024-07-01,Tokyo Tower,698
2024-07-01,Shibuya Crossing,658
2024-07-01,Fushimi Inari Shrine,224
2024-07-01,Arashiyama Bamboo Grove,510
2024-07-01,Osaka Castle,756
2024-07-01,Nara Park,717
2024-07-01,Sensoji Temple,617
2024-07-02,Tokyo Tower,362
2024-07-02,Shibuya Crossing,700
2024-07-02,Fushimi Inari Shrine,454
2024-07-02,Arashiyama Bamboo Grove,291
2024-07-02,Osaka Castle,679
2024-07-02,Nara Park,304
2024-07-02,Sensoji Temple,360
2024-07-03,Tokyo Tower,685
2024-07-03,Shibuya Crossing,339
2024-07-03,Fushimi Inari Shrine,757
2024-07-03,Arashiyama Bamboo Grove,244
2024-07-03,Osaka Castle,502
2024-07-03,Nara Park,584
2024-07-03,Sensoji Temple,551
2024-07-04,Tokyo Tower,737
2024-07-04,Shibuya Crossing,789
2024-07-04,Fushimi Inari Shrine,696
2024-07-04,Arashiyama Bamboo Grove,771
2024-07-04,Osaka Castle,173
2024-07-04,Nara Park,728
2024-07-04,Sensoji Temple,932
2024-07-05,Tokyo Tower,492
2024-07-05,Shibuya Crossing,786
2024-07-05,Fushimi Inari Shrine,278
2024-07-05,Arashiyama Bamboo Grove,510
2024-07-05,Osaka Castle,758
2024-07-05,Nara Park,610
2024-07-05,Sensoji Temple,308
2024-07-06,Tokyo Tower,412
2024-07-06,Shibuya Crossing,169
2024-07-06,Fushimi Inari Shrine,738
2024-07-06,Arashiyama Bamboo Grove,803
2024-07-06,Osaka Castle,385
2024-07-06,Nara Park,802
2024-07-06,Sensoji Temple,635
2024-07-07,Tokyo Tower,497
2024-07-07,Shibuya Crossing,88
2024-07-07,Fushimi Inari Shrine,444
2024-07-07,Arashiyama Bamboo Grove,577
2024-07-07,Osaka Castle,527
2024-07-07,Nara Park,651
2024-07-07,Sensoji Temple,466
2024-07-08,Tokyo Tower,566
2024-07-08,Shibuya Crossing,282
2024-07-08,Fushimi Inari Shrine,276
2024-07-08,Arashiyama Bamboo Grove,373
2024-07-08,Osaka Castle,754
2024-07-08,Nara Park,405
2024-07-08,Sensoji Temple,267
2024-07-09,Tokyo Tower,632
2024-07-09,Shibuya Crossing,359
2024-07-09,Fushimi Inari Shrine,715
2024-07-09,Arashiyama Bamboo Grove,189
2024-07-09,Osaka Castle,463
2024-07-09,Nara Park,575
2024-07-09,Sensoji Temple,622
2024-07-10,Tokyo Tower,570
2024-07-10,Shibuya Crossing,161
2024-07-10,Fushimi Inari Shrine,353
2024-07-10,Arashiyama Bamboo Grove,184
2024-07-10,Osaka Castle,315
2024-07-10,Nara Park,230
2024-07-10,Sensoji Temple,306
2024-07-11,Tokyo Tower,409
2024-07-11,Shibuya Crossing,763
2024-07-11,Fushimi Inari Shrine,613
2024-07-11,Arashiyama Bamboo Grove,172
2024-07-11,Osaka Castle,722
2024-07-11,Nara Park,474
2024-07-11,Sensoji Temple,615
2024-07-12,Tokyo Tower,240
2024-07-12,Shibuya Crossing,484
2024-07-12,Fushimi Inari Shrine,769
2024-07-12,Arashiyama Bamboo Grove,637
2024-07-12,Osaka Castle,659
2024-07-12,Nara Park,591
2024-07-12,Sensoji Temple,545
2024-07-13,Tokyo Tower,600
2024-07-13,Shibuya Crossing,420
2024-07-13,Fushimi Inari Shrine,445
2024-07-13,Arashiyama Bamboo Grove,262
2024-07-13,Osaka Castle,497
2024-07-13,Nara Park,531
2024-07-13,Sensoji Temple,464
2024-07-14,Tokyo Tower,433
2024-07-14,Shibuya Crossing,763
2024-07-14,Fushimi Inari Shrine,351
2024-07-14,Arashiyama Bamboo Grove,669
2024-07-14,Osaka Castle,527
2024-07-14,Nara Park,301
2024-07-14,Sensoji Temple,475
2024-07-15,Tokyo Tower,610
2024-07-15,Shibuya Crossing,754
2024-07-15,Fushimi Inari Shrine,273
2024-07-15,Arashiyama Bamboo Grove,617
2024-07-15,Osaka Castle,811
2024-07-15,Nara Park,333
2024-07-15,Sensoji Temple,889
2024-07-16,Tokyo Tower,190
2024-07-16,Shibuya Crossing,652
2024-07-16,Fushimi Inari Shrine,539
2024-07-16,Arashiyama Bamboo Grove,50
2024-07-16,Osaka Castle,735
2024-07-16,Nara Park,561
2024-07-16,Sensoji Temple,327
2024-07-17,Tokyo Tower,205
2024-07-17,Shibuya Crossing,700
2024-07-17,Fushimi Inari Shrine,258
2024-07-17,Arashiyama Bamboo Grove,591
2024-07-17,Osaka Castle,415
2024-07-17,Nara Park,405
2024-07-17,Sensoji Temple,674
2024-07-18,Tokyo Tower,730
2024-07-18,Shibuya Crossing,168
2024-07-18,Fushimi Inari Shrine,409
2024-07-18,Arashiyama Bamboo Grove,479
2024-07-18,Osaka Castle,337
2024-07-18,Nara Park,504
2024-07-18,Sensoji Temple,501
2024-07-19,Tokyo Tower,354
2024-07-19,Shibuya Crossing,635
2024-07-19,Fushimi Inari Shrine,120
2024-07-19,Arashiyama Bamboo Grove,485
2024-07-19,Osaka Castle,367
2024-07-19,Nara Park,429
2024-07-19,Sensoji Temple,515
2024-07-20,Tokyo Tower,703
2024-07-20,Shibuya Crossing,752
2024-07-20,Fushimi Inari Shrine,280
2024-07-20,Arashiyama Bamboo Grove,743
2024-07-20,Osaka Castle,782
2024-07-20,Nara Park,493
2024-07-20,Sensoji Temple,948
2024-07-21,Tokyo Tower,383
2024-07-21,Shibuya Crossing,273
2024-07-21,Fushimi Inari Shrine,681
2024-07-21,Arashiyama Bamboo Grove,491
2024-07-21,Osaka Castle,376
2024-07-21,Nara Park,253
2024-07-21,Sensoji Temple,258
2024-07-22,Tokyo Tower,146
2024-07-22,Shibuya Crossing,598
2024-07-22,Fushimi Inari Shrine,747
2024-07-22,Arashiyama Bamboo Grove,771
2024-07-22,Osaka Castle,279
2024-07-22,Nara Park,495
2024-07-22,Sensoji Temple,643
2024-07-23,Tokyo Tower,293
2024-07-23,Shibuya Crossing,248
2024-07-23,Fushimi Inari Shrine,534
2024-07-23,Arashiyama Bamboo Grove,379
2024-07-23,Osaka Castle,225
2024-07-23,Nara Park,535
2024-07-23,Sensoji Temple,409
2024-07-24,Tokyo Tower,686
2024-07-24,Shibuya Crossing,631
2024-07-24,Fushimi Inari Shrine,666
2024-07-24,Arashiyama Bamboo Grove,579
2024-07-24,Osaka Castle,291
2024-07-24,Nara Park,788
2024-07-24,Sensoji Temple,118
2024-07-25,Tokyo Tower,295
2024-07-25,Shibuya Crossing,708
2024-07-25,Fushimi Inari Shrine,419
2024-07-25,Arashiyama Bamboo Grove,289
2024-07-25,Osaka Castle,236
2024-07-25,Nara Park,605
2024-07-25,Sensoji Temple,572
2024-07-26,Tokyo Tower,588
2024-07-26,Shibuya Crossing,425
2024-07-26,Fushimi Inari Shrine,373
2024-07-26,Arashiyama Bamboo Grove,339
2024-07-26,Osaka Castle,285
2024-07-26,Nara Park,776
2024-07-26,Sensoji Temple,635
2024-07-27,Tokyo Tower,235
2024-07-27,Shibuya Crossing,459
2024-07-27,Fushimi Inari Shrine,272
2024-07-27,Arashiyama Bamboo Grove,339
2024-07-27,Osaka Castle,679
2024-07-27,Nara Park,577
2024-07-27,Sensoji Temple,372
2024-07-28,Tokyo Tower,421
2024-07-28,Shibuya Crossing,646
2024-07-28,Fushimi Inari Shrine,601
2024-07-28,Arashiyama Bamboo Grove,293
2024-07-28,Osaka Castle,118
2024-07-28,Nara Park,292
2024-07-28,Sensoji Temple,289
2024-07-29,Tokyo Tower,490
2024-07-29,Shibuya Crossing,362
2024-07-29,Fushimi Inari Shrine,313
2024-07-29,Arashiyama Bamboo Grove,522
2024-07-29,Osaka Castle,734
2024-07-29,Nara Park,510
2024-07-29,Sensoji Temple,369
2024-07-30,Tokyo Tower,645
2024-07-30,Shibuya Crossing,747
2024-07-30,Fushimi Inari Shrine,572
2024-07-30,Arashiyama Bamboo Grove,431
2024-07-30,Osaka Castle,637
2024-07-30,Nara Park,733
2024-07-30,Sensoji Temple,878
2024-07-31,Tokyo Tower,646
2024-07-31,Shibuya Crossing,653
2024-07-31,Fushimi Inari Shrine,481
2024-07-31,Arashiyama Bamboo Grove,690
2024-07-31,Osaka Castle,223
2024-07-31,Nara Park,242
2024-07-31,Sensoji Temple,406
2024-08-01,Tokyo Tower,618
2024-08-01,Shibuya Crossing,247
2024-08-01,Fushimi Inari Shrine,435
2024-08-01,Arashiyama Bamboo Grove,703
2024-08-01,Osaka Castle,226
2024-08-01,Nara Park,451
2024-08-01,Sensoji Temple,808
2024-08-02,Tokyo Tower,767
2024-08-02,Shibuya Crossing,346
2024-08-02,Fushimi Inari Shrine,346
2024-08-02,Arashiyama Bamboo Grove,601
2024-08-02,Osaka Castle,454
2024-08-02,Nara Park,364
2024-08-02,Sensoji Temple,559
2024-08-03,Tokyo Tower,542
2024-08-03,Shibuya Crossing,636
2024-08-03,Fushimi Inari Shrine,628
2024-08-03,Arashiyama Bamboo Grove,347
2024-08-03,Osaka Castle,182
2024-08-03,Nara Park,195
2024-08-03,Sensoji Temple,461
2024-08-04,Tokyo Tower,599
2024-08-04,Shibuya Crossing,677
2024-08-04,Fushimi Inari Shrine,693
2024-08-04,Arashiyama Bamboo Grove,682
2024-08-04,Osaka Castle,537
2024-08-04,Nara Park,576
2024-08-04,Sensoji Temple,454
2024-08-05,Tokyo Tower,627
2024-08-05,Shibuya Crossing,590
2024-08-05,Fushimi Inari Shrine,347
2024-08-05,Arashiyama Bamboo Grove,319
2024-08-05,Osaka Castle,493
2024-08-05,Nara Park,647
2024-08-05,Sensoji Temple,535
2024-08-06,Tokyo Tower,631
2024-08-06,Shibuya Crossing,339
2024-08-06,Fushimi Inari Shrine,416
2024-08-06,Arashiyama Bamboo Grove,423
2024-08-06,Osaka Castle,648
2024-08-06,Nara Park,511
2024-08-06,Sensoji Temple,876
2024-08-07,Tokyo Tower,402
2024-08-07,Shibuya Crossing,458
2024-08-07,Fushimi Inari Shrine,442
2024-08-07,Arashiyama Bamboo Grove,528
2024-08-07,Osaka Castle,205
2024-08-07,Nara Park,536
2024-08-07,Sensoji Temple,187
2024-08-08,Tokyo Tower,298
2024-08-08,Shibuya Crossing,793
2024-08-08,Fushimi Inari Shrine,761
2024-08-08,Arashiyama Bamboo Grove,655
2024-08-08,Osaka Castle,384
2024-08-08,Nara Park,608
2024-08-08,Sensoji Temple,442
2024-08-09,Tokyo Tower,714
2024-08-09,Shibuya Crossing,792
2024-08-09,Fushimi Inari Shrine,495
2024-08-09,Arashiyama Bamboo Grove,638
2024-08-09,Osaka Castle,604
2024-08-09,Nara Park,323
2024-08-09,Sensoji Temple,375
2024-08-10,Tokyo Tower,562
2024-08-10,Shibuya Crossing,679
2024-08-10,Fushimi Inari Shrine,784
2024-08-10,Arashiyama Bamboo Grove,311
2024-08-10,Osaka Castle,549
2024-08-10,Nara Park,236
2024-08-10,Sensoji Temple,508
2024-08-11,Tokyo Tower,527
2024-08-11,Shibuya Crossing,471
2024-08-11,Fushimi Inari Shrine,143
2024-08-11,Arashiyama Bamboo Grove,187
2024-08-11,Osaka Castle,887
2024-08-11,Nara Park,367
2024-08-11,Sensoji Temple,596
2024-08-12,Tokyo Tower,459
2024-08-12,Shibuya Crossing,571
2024-08-12,Fushimi Inari Shrine,331
2024-08-12,Arashiyama Bamboo Grove,353
2024-08-12,Osaka Castle,545
2024-08-12,Nara Park,899
2024-08-12,Sensoji Temple,566
2024-08-13,Tokyo Tower,696
2024-08-13,Shibuya Crossing,683
2024-08-13,Fushimi Inari Shrine,745
2024-08-13,Arashiyama Bamboo Grove,651
2024-08-13,Osaka Castle,657
2024-08-13,Nara Park,838
2024-08-13,Sensoji Temple,732
2024-08-14,Tokyo Tower,403
2024-08-14,Shibuya Crossing,378
2024-08-14,Fushimi Inari Shrine,321
2024-08-14,Arashiyama Bamboo Grove,521
2024-08-14,Osaka Castle,521
2024-08-14,Nara Park,638
2024-08-14,Sensoji Temple,642
2024-08-15,Tokyo Tower,350
2024-08-15,Shibuya Crossing,407
2024-08-15,Fushimi Inari Shrine,372
2024-08-15,Arashiyama Bamboo Grove,213
2024-08-15,Osaka Castle,761
2024-08-15,Nara Park,680
2024-08-15,Sensoji Temple,589
2024-08-16,Tokyo Tower,458
2024-08-16,Shibuya Crossing,616
2024-08-16,Fushimi Inari Shrine,760
2024-08-16,Arashiyama Bamboo Grove,193
2024-08-16,Osaka Castle,469
2024-08-16,Nara Park,279
2024-08-16,Sensoji Temple,302
2024-08-17,Tokyo Tower,555
2024-08-17,Shibuya Crossing,576
2024-08-17,Fushimi Inari Shrine,504
2024-08-17,Arashiyama Bamboo Grove,465
2024-08-17,Osaka Castle,652
2024-08-17,Nara Park,682
2024-08-17,Sensoji Temple,704
2024-08-18,Tokyo Tower,420
2024-08-18,Shibuya Crossing,495
2024-08-18,Fushimi Inari Shrine,293
2024-08-18,Arashiyama Bamboo Grove,415
2024-08-18,Osaka Castle,751
2024-08-18,Nara Park,169
2024-08-18,Sensoji Temple,583
2024-08-19,Tokyo Tower,597
2024-08-19,Shibuya Crossing,303
2024-08-19,Fushimi Inari Shrine,751
2024-08-19,Arashiyama Bamboo Grove,440
2024-08-19,Osaka Castle,283
2024-08-19,Nara Park,643
2024-08-19,Sensoji Temple,725
2024-08-20,Tokyo Tower,686
2024-08-20,Shibuya Crossing,594
2024-08-20,Fushimi Inari Shrine,638
2024-08-20,Arashiyama Bamboo Grove,385
2024-08-20,Osaka Castle,785
2024-08-20,Nara Park,487
2024-08-20,Sensoji Temple,437
2024-08-21,Tokyo Tower,221
2024-08-21,Shibuya Crossing,670
2024-08-21,Fushimi Inari Shrine,348
2024-08-21,Arashiyama Bamboo Grove,439
2024-08-21,Osaka Castle,458
2024-08-21,Nara Park,286
2024-08-21,Sensoji Temple,537
2024-08-22,Tokyo Tower,231
2024-08-22,Shibuya Crossing,544
2024-08-22,Fushimi Inari Shrine,703
2024-08-22,Arashiyama Bamboo Grove,368
2024-08-22,Osaka Castle,223
2024-08-22,Nara Park,697
2024-08-22,Sensoji Temple,409
2024-08-23,Tokyo Tower,375
2024-08-23,Shibuya Crossing,356
2024-08-23,Fushimi Inari Shrine,533
2024-08-23,Arashiyama Bamboo Grove,238
2024-08-23,Osaka Castle,613
2024-08-23,Nara Park,419
2024-08-23,Sensoji Temple,601
2024-08-24,Tokyo Tower,409
2024-08-24,Shibuya Crossing,312
2024-08-24,Fushimi Inari Shrine,237
2024-08-24,Arashiyama Bamboo Grove,745
2024-08-24,Osaka Castle,690
2024-08-24,Nara Park,878
2024-08-24,Sensoji Temple,466
2024-08-25,Tokyo Tower,221
2024-08-25,Shibuya Crossing,646
2024-08-25,Fushimi Inari Shrine,521
2024-08-25,Arashiyama Bamboo Grove,208
2024-08-25,Osaka Castle,813
2024-08-25,Nara Park,223
2024-08-25,Sensoji Temple,706
2024-08-26,Tokyo Tower,181
2024-08-26,Shibuya Crossing,391
2024-08-26,Fushimi Inari Shrine,650
2024-08-26,Arashiyama Bamboo Grove,509
2024-08-26,Osaka Castle,772
2024-08-26,Nara Park,317
2024-08-26,Sensoji Temple,446
2024-08-27,Tokyo Tower,255
2024-08-27,Shibuya Crossing,442
2024-08-27,Fushimi Inari Shrine,653
2024-08-27,Arashiyama Bamboo Grove,235
2024-08-27,Osaka Castle,177
2024-08-27,Nara Park,819
2024-08-27,Sensoji Temple,652
2024-08-28,Tokyo Tower,336
2024-08-28,Shibuya Crossing,569
2024-08-28,Fushimi Inari Shrine,208
2024-08-28,Arashiyama Bamboo Grove,348
2024-08-28,Osaka Castle,134
2024-08-28,Nara Park,292
2024-08-28,Sensoji Temple,719
2024-08-29,Tokyo Tower,187
2024-08-29,Shibuya Crossing,580
2024-08-29,Fushimi Inari Shrine,558
2024-08-29,Arashiyama Bamboo Grove,707
2024-08-29,Osaka Castle,286
2024-08-29,Nara Park,370
2024-08-29,Sensoji Temple,802
2024-08-30,Tokyo Tower,389
2024-08-30,Shibuya Crossing,591
2024-08-30,Fushimi Inari Shrine,286
2024-08-30,Arashiyama Bamboo Grove,673
2024-08-30,Osaka Castle,405
2024-08-30,Nara Park,584
2024-08-30,Sensoji Temple,626
2024-08-31,Tokyo Tower,419
2024-08-31,Shibuya Crossing,302
2024-08-31,Fushimi Inari Shrine,544
2024-08-31,Arashiyama Bamboo Grove,369
2024-08-31,Osaka Castle,469
2024-08-31,Nara Park,418
2024-08-31,Sensoji Temple,849
2024-09-01,Tokyo Tower,805
2024-09-01,Shibuya Crossing,798
2024-09-01,Fushimi Inari Shrine,369
2024-09-01,Arashiyama Bamboo Grove,631
2024-09-01,Osaka Castle,392
2024-09-01,Nara Park,245
2024-09-01,Sensoji Temple,403
2024-09-02,Tokyo Tower,619
2024-09-02,Shibuya Crossing,304
2024-09-02,Fushimi Inari Shrine,767
2024-09-02,Arashiyama Bamboo Grove,306
2024-09-02,Osaka Castle,237
2024-09-02,Nara Park,667
2024-09-02,Sensoji Temple,404
2024-09-03,Tokyo Tower,489
2024-09-03,Shibuya Crossing,577
2024-09-03,Fushimi Inari Shrine,343
2024-09-03,Arashiyama Bamboo Grove,748
2024-09-03,Osaka Castle,597
2024-09-03,Nara Park,703
2024-09-03,Sensoji Temple,251
2024-09-04,Tokyo Tower,524
2024-09-04,Shibuya Crossing,293
2024-09-04,Fushimi Inari Shrine,297
2024-09-04,Arashiyama Bamboo Grove,459
2024-09-04,Osaka Castle,365
2024-09-04,Nara Park,490
2024-09-04,Sensoji Temple,749
2024-09-05,Tokyo Tower,705
2024-09-05,Shibuya Crossing,637
2024-09-05,Fushimi Inari Shrine,590
2024-09-05,Arashiyama Bamboo Grove,742
2024-09-05,Osaka Castle,324
2024-09-05,Nara Park,414
2024-09-05,Sensoji Temple,554
2024-09-06,Tokyo Tower,308
2024-09-06,Shibuya Crossing,689
2024-09-06,Fushimi Inari Shrine,487
2024-09-06,Arashiyama Bamboo Grove,111
2024-09-06,Osaka Castle,840
2024-09-06,Nara Park,330
2024-09-06,Sensoji Temple,619
2024-09-07,Tokyo Tower,446
2024-09-07,Shibuya Crossing,810
2024-09-07,Fushimi Inari Shrine,194
2024-09-07,Arashiyama Bamboo Grove,306
2024-09-07,Osaka Castle,534
2024-09-07,Nara Park,318
2024-09-07,Sensoji Temple,591
2024-09-08,Tokyo Tower,579
2024-09-08,Shibuya Crossing,569
2024-09-08,Fushimi Inari Shrine,816
2024-09-08,Arashiyama Bamboo Grove,470
2024-09-08,Osaka Castle,617
2024-09-08,Nara Park,164
2024-09-08,Sensoji Temple,324
2024-09-09,Tokyo Tower,532
2024-09-09,Shibuya Crossing,391
2024-09-09,Fushimi Inari Shrine,330
2024-09-09,Arashiyama Bamboo Grove,415
2024-09-09,Osaka Castle,586
2024-09-09,Nara Park,481
2024-09-09,Sensoji Temple,461
2024-09-10,Tokyo Tower,542
2024-09-10,Shibuya Crossing,445
2024-09-10,Fushimi Inari Shrine,647
2024-09-10,Arashiyama Bamboo Grove,562
2024-09-10,Osaka Castle,338
2024-09-10,Nara Park,482
2024-09-10,Sensoji Temple,172
2024-09-11,Tokyo Tower,246
2024-09-11,Shibuya Crossing,559
2024-09-11,Fushimi Inari Shrine,713
2024-09-11,Arashiyama Bamboo Grove,406
2024-09-11,Osaka Castle,618
2024-09-11,Nara Park,625
2024-09-11,Sensoji Temple,392
2024-09-12,Tokyo Tower,443
2024-09-12,Shibuya Crossing,451
2024-09-12,Fushimi Inari Shrine,376
2024-09-12,Arashiyama Bamboo Grove,799
2024-09-12,Osaka Castle,580
2024-09-12,Nara Park,199
2024-09-12,Sensoji Temple,682
2024-09-13,Tokyo Tower,746
2024-09-13,Shibuya Crossing,665
2024-09-13,Fushimi Inari Shrine,325
2024-09-13,Arashiyama Bamboo Grove,320
2024-09-13,Osaka Castle,622
2024-09-13,Nara Park,501
2024-09-13,Sensoji Temple,583
2024-09-14,Tokyo Tower,418
2024-09-14,Shibuya Crossing,112
2024-09-14,Fushimi Inari Shrine,380
2024-09-14,Arashiyama Bamboo Grove,793
2024-09-14,Osaka Castle,559
2024-09-14,Nara Park,821
2024-09-14,Sensoji Temple,670
2024-09-15,Tokyo Tower,318
2024-09-15,Shibuya Crossing,227
2024-09-15,Fushimi Inari Shrine,162
2024-09-15,Arashiyama Bamboo Grove,624
2024-09-15,Osaka Castle,467
2024-09-15,Nara Park,742
2024-09-15,Sensoji Temple,625
2024-09-16,Tokyo Tower,266
2024-09-16,Shibuya Crossing,724
2024-09-16,Fushimi Inari Shrine,251
2024-09-16,Arashiyama Bamboo Grove,589
2024-09-16,Osaka Castle,645
2024-09-16,Nara Park,696
2024-09-16,Sensoji Temple,603
2024-09-17,Tokyo Tower,353
2024-09-17,Shibuya Crossing,550
2024-09-17,Fushimi Inari Shrine,470
2024-09-17,Arashiyama Bamboo Grove,207
2024-09-17,Osaka Castle,468
2024-09-17,Nara Park,184
2024-09-17,Sensoji Temple,524
2024-09-18,Tokyo Tower,329
2024-09-18,Shibuya Crossing,353
2024-09-18,Fushimi Inari Shrine,392
2024-09-18,Arashiyama Bamboo Grove,271
2024-09-18,Osaka Castle,395
2024-09-18,Nara Park,376
2024-09-18,Sensoji Temple,567
2024-09-19,Tokyo Tower,639
2024-09-19,Shibuya Crossing,614
2024-09-19,Fushimi Inari Shrine,846
2024-09-19,Arashiyama Bamboo Grove,641
2024-09-19,Osaka Castle,645
2024-09-19,Nara Park,704
2024-09-19,Sensoji Temple,203
2024-09-20,Tokyo Tower,471
2024-09-20,Shibuya Crossing,485
2024-09-20,Fushimi Inari Shrine,429
2024-09-20,Arashiyama Bamboo Grove,438
2024-09-20,Osaka Castle,625
2024-09-20,Nara Park,297
2024-09-20,Sensoji Temple,648
2024-09-21,Tokyo Tower,810
2024-09-21,Shibuya Crossing,676
2024-09-21,Fushimi Inari Shrine,723
2024-09-21,Arashiyama Bamboo Grove,509
2024-09-21,Osaka Castle,764
2024-09-21,Nara Park,281
2024-09-21,Sensoji Temple,304
2024-09-22,Tokyo Tower,79
2024-09-22,Shibuya Crossing,453
2024-09-22,Fushimi Inari Shrine,539
2024-09-22,Arashiyama Bamboo Grove,725
2024-09-22,Osaka Castle,713
2024-09-22,Nara Park,599
2024-09-22,Sensoji Temple,178
2024-09-23,Tokyo Tower,496
2024-09-23,Shibuya Crossing,221
2024-09-23,Fushimi Inari Shrine,697
2024-09-23,Arashiyama Bamboo Grove,291
2024-09-23,Osaka Castle,221
2024-09-23,Nara Park,617
2024-09-23,Sensoji Temple,687
2024-09-24,Tokyo Tower,428
2024-09-24,Shibuya Crossing,475
2024-09-24,Fushimi Inari Shrine,432
2024-09-24,Arashiyama Bamboo Grove,351
2024-09-24,Osaka Castle,515
2024-09-24,Nara Park,607
2024-09-24,Sensoji Temple,806
2024-09-25,Tokyo Tower,118
2024-09-25,Shibuya Crossing,237
2024-09-25,Fushimi Inari Shrine,361
2024-09-25,Arashiyama Bamboo Grove,650
2024-09-25,Osaka Castle,280
2024-09-25,Nara Park,302
2024-09-25,Sensoji Temple,194
2024-09-26,Tokyo Tower,192
2024-09-26,Shibuya Crossing,146
2024-09-26,Fushimi Inari Shrine,364
2024-09-26,Arashiyama Bamboo Grove,467
2024-09-26,Osaka Castle,807
2024-09-26,Nara Park,268
2024-09-26,Sensoji Temple,541
2024-09-27,Tokyo Tower,415
2024-09-27,Shibuya Crossing,315
2024-09-27,Fushimi Inari Shrine,470
2024-09-27,Arashiyama Bamboo Grove,557
2024-09-27,Osaka Castle,316
2024-09-27,Nara Park,467
2024-09-27,Sensoji Temple,809
2024-09-28,Tokyo Tower,548
2024-09-28,Shibuya Crossing,425
2024-09-28,Fushimi Inari Shrine,757
2024-09-28,Arashiyama Bamboo Grove,898
2024-09-28,Osaka Castle,407
2024-09-28,Nara Park,836
2024-09-28,Sensoji Temple,729
2024-09-29,Tokyo Tower,358
2024-09-29,Shibuya Crossing,456
2024-09-29,Fushimi Inari Shrine,452
2024-09-29,Arashiyama Bamboo Grove,431
2024-09-29,Osaka Castle,289
2024-09-29,Nara Park,583
2024-09-29,Sensoji Temple,247
2024-09-30,Tokyo Tower,618
2024-09-30,Shibuya Crossing,591
2024-09-30,Fushimi Inari Shrine,291
2024-09-30,Arashiyama Bamboo Grove,607
2024-09-30,Osaka Castle,929
2024-09-30,Nara Park,567
2024-09-30,Sensoji Temple,508
2024-10-01,Tokyo Tower,946
2024-10-01,Shibuya Crossing,755
2024-10-01,Fushimi Inari Shrine,795
2024-10-01,Arashiyama Bamboo Grove,787
2024-10-01,Osaka Castle,791
2024-10-01,Nara Park,312
2024-10-01,Sensoji Temple,918
2024-10-02,Tokyo Tower,476
2024-10-02,Shibuya Crossing,514
2024-10-02,Fushimi Inari Shrine,895
2024-10-02,Arashiyama Bamboo Grove,802
2024-10-02,Osaka Castle,690
2024-10-02,Nara Park,940
2024-10-02,Sensoji Temple,599
2024-10-03,Tokyo Tower,736
2024-10-03,Shibuya Crossing,358
2024-10-03,Fushimi Inari Shrine,627
2024-10-03,Arashiyama Bamboo Grove,412
2024-10-03,Osaka Castle,889
2024-10-03,Nara Park,811
2024-10-03,Sensoji Temple,890
2024-10-04,Tokyo Tower,647
2024-10-04,Shibuya Crossing,537
2024-10-04,Fushimi Inari Shrine,899
2024-10-04,Arashiyama Bamboo Grove,457
2024-10-04,Osaka Castle,764
2024-10-04,Nara Park,789
2024-10-04,Sensoji Temple,1112
2024-10-05,Tokyo Tower,944
2024-10-05,Shibuya Crossing,559
2024-10-05,Fushimi Inari Shrine,663
2024-10-05,Arashiyama Bamboo Grove,678
2024-10-05,Osaka Castle,338
2024-10-05,Nara Park,528
2024-10-05,Sensoji Temple,756
2024-10-06,Tokyo Tower,925
2024-10-06,Shibuya Crossing,448
2024-10-06,Fushimi Inari Shrine,936
2024-10-06,Arashiyama Bamboo Grove,1078
2024-10-06,Osaka Castle,727
2024-10-06,Nara Park,1033
2024-10-06,Sensoji Temple,484
2024-10-07,Tokyo Tower,770
2024-10-07,Shibuya Crossing,594
2024-10-07,Fushimi Inari Shrine,343
2024-10-07,Arashiyama Bamboo Grove,498
2024-10-07,Osaka Castle,604
2024-10-07,Nara Park,520
2024-10-07,Sensoji Temple,693
2024-10-08,Tokyo Tower,707
2024-10-08,Shibuya Crossing,510
2024-10-08,Fushimi Inari Shrine,573
2024-10-08,Arashiyama Bamboo Grove,803
2024-10-08,Osaka Castle,302
2024-10-08,Nara Park,632
2024-10-08,Sensoji Temple,304
2024-10-09,Tokyo Tower,771
2024-10-09,Shibuya Crossing,778
2024-10-09,Fushimi Inari Shrine,549
2024-10-09,Arashiyama Bamboo Grove,437
2024-10-09,Osaka Castle,813
2024-10-09,Nara Park,734
2024-10-09,Sensoji Temple,972
2024-10-10,Tokyo Tower,639
2024-10-10,Shibuya Crossing,746
2024-10-10,Fushimi Inari Shrine,820
2024-10-10,Arashiyama Bamboo Grove,620
2024-10-10,Osaka Castle,1135
2024-10-10,Nara Park,737
2024-10-10,Sensoji Temple,757
2024-10-11,Tokyo Tower,490
2024-10-11,Shibuya Crossing,961
2024-10-11,Fushimi Inari Shrine,764
2024-10-11,Arashiyama Bamboo Grove,687
2024-10-11,Osaka Castle,664
2024-10-11,Nara Park,852
2024-10-11,Sensoji Temple,484
2024-10-12,Tokyo Tower,812
2024-10-12,Shibuya Crossing,824
2024-10-12,Fushimi Inari Shrine,596
2024-10-12,Arashiyama Bamboo Grove,883
2024-10-12,Osaka Castle,885
2024-10-12,Nara Park,602
2024-10-12,Sensoji Temple,500
2024-10-13,Tokyo Tower,629
2024-10-13,Shibuya Crossing,608
2024-10-13,Fushimi Inari Shrine,924
2024-10-13,Arashiyama Bamboo Grove,736
2024-10-13,Osaka Castle,570
2024-10-13,Nara Park,830
2024-10-13,Sensoji Temple,627
2024-10-14,Tokyo Tower,767
2024-10-14,Shibuya Crossing,907
2024-10-14,Fushimi Inari Shrine,822
2024-10-14,Arashiyama Bamboo Grove,594
2024-10-14,Osaka Castle,773
2024-10-14,Nara Park,594
2024-10-14,Sensoji Temple,578
2024-10-15,Tokyo Tower,919
2024-10-15,Shibuya Crossing,667
2024-10-15,Fushimi Inari Shrine,369
2024-10-15,Arashiyama Bamboo Grove,716
2024-10-15,Osaka Castle,323
2024-10-15,Nara Park,677
2024-10-15,Sensoji Temple,490
2024-10-16,Tokyo Tower,573
2024-10-16,Shibuya Crossing,760
2024-10-16,Fushimi Inari Shrine,1092
2024-10-16,Arashiyama Bamboo Grove,533
2024-10-16,Osaka Castle,931
2024-10-16,Nara Park,628
2024-10-16,Sensoji Temple,798
2024-10-17,Tokyo Tower,923
2024-10-17,Shibuya Crossing,791
2024-10-17,Fushimi Inari Shrine,875
2024-10-17,Arashiyama Bamboo Grove,583
2024-10-17,Osaka Castle,646
2024-10-17,Nara Park,576
2024-10-17,Sensoji Temple,740
2024-10-18,Tokyo Tower,837
2024-10-18,Shibuya Crossing,798
2024-10-18,Fushimi Inari Shrine,485
2024-10-18,Arashiyama Bamboo Grove,517
2024-10-18,Osaka Castle,681
2024-10-18,Nara Park,881
2024-10-18,Sensoji Temple,629
2024-10-19,Tokyo Tower,525
2024-10-19,Shibuya Crossing,803
2024-10-19,Fushimi Inari Shrine,668
2024-10-19,Arashiyama Bamboo Grove,561
2024-10-19,Osaka Castle,862
2024-10-19,Nara Park,630
2024-10-19,Sensoji Temple,1016
2024-10-20,Tokyo Tower,609
2024-10-20,Shibuya Crossing,490
2024-10-20,Fushimi Inari Shrine,713
2024-10-20,Arashiyama Bamboo Grove,384
2024-10-20,Osaka Castle,682
2024-10-20,Nara Park,921
2024-10-20,Sensoji Temple,524
2024-10-21,Tokyo Tower,999
2024-10-21,Shibuya Crossing,380
2024-10-21,Fushimi Inari Shrine,690
2024-10-21,Arashiyama Bamboo Grove,700
2024-10-21,Osaka Castle,462
2024-10-21,Nara Park,848
2024-10-21,Sensoji Temple,479
2024-10-22,Tokyo Tower,900
2024-10-22,Shibuya Crossing,567
2024-10-22,Fushimi Inari Shrine,770
2024-10-22,Arashiyama Bamboo Grove,473
2024-10-22,Osaka Castle,908
2024-10-22,Nara Park,658
2024-10-22,Sensoji Temple,497
2024-10-23,Tokyo Tower,1006
2024-10-23,Shibuya Crossing,621
2024-10-23,Fushimi Inari Shrine,827
2024-10-23,Arashiyama Bamboo Grove,476
2024-10-23,Osaka Castle,507
2024-10-23,Nara Park,874
2024-10-23,Sensoji Temple,475
2024-10-24,Tokyo Tower,871
2024-10-24,Shibuya Crossing,774
2024-10-24,Fushimi Inari Shrine,890
2024-10-24,Arashiyama Bamboo Grove,586
2024-10-24,Osaka Castle,422
2024-10-24,Nara Park,858
2024-10-24,Sensoji Temple,459
2024-10-25,Tokyo Tower,604
2024-10-25,Shibuya Crossing,383
2024-10-25,Fushimi Inari Shrine,716
2024-10-25,Arashiyama Bamboo Grove,959
2024-10-25,Osaka Castle,1011
2024-10-25,Nara Park,824
2024-10-25,Sensoji Temple,943
2024-10-26,Tokyo Tower,646
2024-10-26,Shibuya Crossing,966
2024-10-26,Fushimi Inari Shrine,598
2024-10-26,Arashiyama Bamboo Grove,372
2024-10-26,Osaka Castle,915
2024-10-26,Nara Park,390
2024-10-26,Sensoji Temple,830
2024-10-27,Tokyo Tower,722
2024-10-27,Shibuya Crossing,773
2024-10-27,Fushimi Inari Shrine,883
2024-10-27,Arashiyama Bamboo Grove,614
2024-10-27,Osaka Castle,841
2024-10-27,Nara Park,369
2024-10-27,Sensoji Temple,531
2024-10-28,Tokyo Tower,515
2024-10-28,Shibuya Crossing,1107
2024-10-28,Fushimi Inari Shrine,772
2024-10-28,Arashiyama Bamboo Grove,662
2024-10-28,Osaka Castle,784
2024-10-28,Nara Park,583
2024-10-28,Sensoji Temple,689
2024-10-29,Tokyo Tower,816
2024-10-29,Shibuya Crossing,421
2024-10-29,Fushimi Inari Shrine,986
2024-10-29,Arashiyama Bamboo Grove,1105
2024-10-29,Osaka Castle,544
2024-10-29,Nara Park,751
2024-10-29,Sensoji Temple,279
2024-10-30,Tokyo Tower,906
2024-10-30,Shibuya Crossing,548
2024-10-30,Fushimi Inari Shrine,946
2024-10-30,Arashiyama Bamboo Grove,525
2024-10-30,Osaka Castle,911
2024-10-30,Nara Park,682
2024-10-30,Sensoji Temple,853
2024-10-31,Tokyo Tower,430
2024-10-31,Shibuya Crossing,831
2024-10-31,Fushimi Inari Shrine,925
2024-10-31,Arashiyama Bamboo Grove,541
2024-10-31,Osaka Castle,449
2024-10-31,Nara Park,456
2024-10-31,Sensoji Temple,813
2024-11-01,Tokyo Tower,786
2024-11-01,Shibuya Crossing,842
2024-11-01,Fushimi Inari Shrine,273
2024-11-01,Arashiyama Bamboo Grove,410
2024-11-01,Osaka Castle,966
2024-11-01,Nara Park,691
2024-11-01,Sensoji Temple,569
2024-11-02,Tokyo Tower,1098
2024-11-02,Shibuya Crossing,382
2024-11-02,Fushimi Inari Shrine,1021
2024-11-02,Arashiyama Bamboo Grove,630
2024-11-02,Osaka Castle,737
2024-11-02,Nara Park,805
2024-11-02,Sensoji Temple,697
2024-11-03,Tokyo Tower,440
2024-11-03,Shibuya Crossing,863
2024-11-03,Fushimi Inari Shrine,503
2024-11-03,Arashiyama Bamboo Grove,628
2024-11-03,Osaka Castle,533
2024-11-03,Nara Park,629
2024-11-03,Sensoji Temple,822
2024-11-04,Tokyo Tower,409
2024-11-04,Shibuya Crossing,1057
2024-11-04,Fushimi Inari Shrine,869
2024-11-04,Arashiyama Bamboo Grove,518
2024-11-04,Osaka Castle,656
2024-11-04,Nara Park,917
2024-11-04,Sensoji Temple,612
2024-11-05,Tokyo Tower,346
2024-11-05,Shibuya Crossing,439
2024-11-05,Fushimi Inari Shrine,608
2024-11-05,Arashiyama Bamboo Grove,941
2024-11-05,Osaka Castle,642
2024-11-05,Nara Park,931
2024-11-05,Sensoji Temple,786
2024-11-06,Tokyo Tower,653
2024-11-06,Shibuya Crossing,933
2024-11-06,Fushimi Inari Shrine,918
2024-11-06,Arashiyama Bamboo Grove,947
2024-11-06,Osaka Castle,901
2024-11-06,Nara Park,495
2024-11-06,Sensoji Temple,602
2024-11-07,Tokyo Tower,872
2024-11-07,Shibuya Crossing,526
2024-11-07,Fushimi Inari Shrine,647
2024-11-07,Arashiyama Bamboo Grove,442
2024-11-07,Osaka Castle,649
2024-11-07,Nara Park,646
2024-11-07,Sensoji Temple,883
2024-11-08,Tokyo Tower,712
2024-11-08,Shibuya Crossing,501
2024-11-08,Fushimi Inari Shrine,332
2024-11-08,Arashiyama Bamboo Grove,787
2024-11-08,Osaka Castle,566
2024-11-08,Nara Park,485
2024-11-08,Sensoji Temple,758
2024-11-09,Tokyo Tower,532
2024-11-09,Shibuya Crossing,507
2024-11-09,Fushimi Inari Shrine,843
2024-11-09,Arashiyama Bamboo Grove,769
2024-11-09,Osaka Castle,773
2024-11-09,Nara Park,611
2024-11-09,Sensoji Temple,658
2024-11-10,Tokyo Tower,981
2024-11-10,Shibuya Crossing,926
2024-11-10,Fushimi Inari Shrine,710
2024-11-10,Arashiyama Bamboo Grove,610
2024-11-10,Osaka Castle,354
2024-11-10,Nara Park,540
2024-11-10,Sensoji Temple,766
2024-11-11,Tokyo Tower,898
2024-11-11,Shibuya Crossing,522
2024-11-11,Fushimi Inari Shrine,497
2024-11-11,Arashiyama Bamboo Grove,906
2024-11-11,Osaka Castle,660
2024-11-11,Nara Park,1069
2024-11-11,Sensoji Temple,692
2024-11-12,Tokyo Tower,656
2024-11-12,Shibuya Crossing,378
2024-11-12,Fushimi Inari Shrine,830
2024-11-12,Arashiyama Bamboo Grove,642
2024-11-12,Osaka Castle,485
2024-11-12,Nara Park,848
2024-11-12,Sensoji Temple,430
2024-11-13,Tokyo Tower,922
2024-11-13,Shibuya Crossing,361
2024-11-13,Fushimi Inari Shrine,278
2024-11-13,Arashiyama Bamboo Grove,622
2024-11-13,Osaka Castle,873
2024-11-13,Nara Park,908
2024-11-13,Sensoji Temple,1013
2024-11-14,Tokyo Tower,857
2024-11-14,Shibuya Crossing,430
2024-11-14,Fushimi Inari Shrine,810
2024-11-14,Arashiyama Bamboo Grove,874
2024-11-14,Osaka Castle,767
2024-11-14,Nara Park,862
2024-11-14,Sensoji Temple,661
2024-11-15,Tokyo Tower,472
2024-11-15,Shibuya Crossing,914
2024-11-15,Fushimi Inari Shrine,397
2024-11-15,Arashiyama Bamboo Grove,796
2024-11-15,Osaka Castle,565
2024-11-15,Nara Park,496
2024-11-15,Sensoji Temple,380
2024-11-16,Tokyo Tower,664
2024-11-16,Shibuya Crossing,776
2024-11-16,Fushimi Inari Shrine,534
2024-11-16,Arashiyama Bamboo Grove,559
2024-11-16,Osaka Castle,698
2024-11-16,Nara Park,832
2024-11-16,Sensoji Temple,895
2024-11-17,Tokyo Tower,470
2024-11-17,Shibuya Crossing,782
2024-11-17,Fushimi Inari Shrine,782
2024-11-17,Arashiyama Bamboo Grove,716
2024-11-17,Osaka Castle,555
2024-11-17,Nara Park,536
2024-11-17,Sensoji Temple,392
2024-11-18,Tokyo Tower,1046
2024-11-18,Shibuya Crossing,586
2024-11-18,Fushimi Inari Shrine,358
2024-11-18,Arashiyama Bamboo Grove,935
2024-11-18,Osaka Castle,544
2024-11-18,Nara Park,645
2024-11-18,Sensoji Temple,619
2024-11-19,Tokyo Tower,469
2024-11-19,Shibuya Crossing,864
2024-11-19,Fushimi Inari Shrine,897
2024-11-19,Arashiyama Bamboo Grove,895
2024-11-19,Osaka Castle,824
2024-11-19,Nara Park,714
2024-11-19,Sensoji Temple,913
2024-11-20,Tokyo Tower,827
2024-11-20,Shibuya Crossing,715
2024-11-20,Fushimi Inari Shrine,464
2024-11-20,Arashiyama Bamboo Grove,772
2024-11-20,Osaka Castle,938
2024-11-20,Nara Park,526
2024-11-20,Sensoji Temple,449
2024-11-21,Tokyo Tower,860
2024-11-21,Shibuya Crossing,454
2024-11-21,Fushimi Inari Shrine,339
2024-11-21,Arashiyama Bamboo Grove,835
2024-11-21,Osaka Castle,391
2024-11-21,Nara Park,675
2024-11-21,Sensoji Temple,484
2024-11-22,Tokyo Tower,546
2024-11-22,Shibuya Crossing,549
2024-11-22,Fushimi Inari Shrine,750
2024-11-22,Arashiyama Bamboo Grove,1050
2024-11-22,Osaka Castle,586
2024-11-22,Nara Park,1019
2024-11-22,Sensoji Temple,858
2024-11-23,Tokyo Tower,967
2024-11-23,Shibuya Crossing,906
2024-11-23,Fushimi Inari Shrine,438
2024-11-23,Arashiyama Bamboo Grove,1054
2024-11-23,Osaka Castle,388
2024-11-23,Nara Park,432
2024-11-23,Sensoji Temple,438
2024-11-24,Tokyo Tower,644
2024-11-24,Shibuya Crossing,449
2024-11-24,Fushimi Inari Shrine,1080
2024-11-24,Arashiyama Bamboo Grove,695
2024-11-24,Osaka Castle,716
2024-11-24,Nara Park,507
2024-11-24,Sensoji Temple,486
2024-11-25,Tokyo Tower,678
2024-11-25,Shibuya Crossing,813
2024-11-25,Fushimi Inari Shrine,487
2024-11-25,Arashiyama Bamboo Grove,526
2024-11-25,Osaka Castle,717
2024-11-25,Nara Park,706
2024-11-25,Sensoji Temple,564
2024-11-26,Tokyo Tower,414
2024-11-26,Shibuya Crossing,689
2024-11-26,Fushimi Inari Shrine,725
2024-11-26,Arashiyama Bamboo Grove,486
2024-11-26,Osaka Castle,873
2024-11-26,Nara Park,907
2024-11-26,Sensoji Temple,396
2024-11-27,Tokyo Tower,447
2024-11-27,Shibuya Crossing,1046
2024-11-27,Fushimi Inari Shrine,963
2024-11-27,Arashiyama Bamboo Grove,494
2024-11-27,Osaka Castle,526
2024-11-27,Nara Park,670
2024-11-27,Sensoji Temple,567
2024-11-28,Tokyo Tower,611
2024-11-28,Shibuya Crossing,767
2024-11-28,Fushimi Inari Shrine,585
2024-11-28,Arashiyama Bamboo Grove,651
2024-11-28,Osaka Castle,943
2024-11-28,Nara Park,533
2024-11-28,Sensoji Temple,1002
2024-11-29,Tokyo Tower,550
2024-11-29,Shibuya Crossing,655
2024-11-29,Fushimi Inari Shrine,532
2024-11-29,Arashiyama Bamboo Grove,1067
2024-11-29,Osaka Castle,741
2024-11-29,Nara Park,442
2024-11-29,Sensoji Temple,671
2024-11-30,Tokyo Tower,619
2024-11-30,Shibuya Crossing,615
2024-11-30,Fushimi Inari Shrine,550
2024-11-30,Arashiyama Bamboo Grove,1107
2024-11-30,Osaka Castle,645
2024-11-30,Nara Park,969
2024-11-30,Sensoji Temple,747
2024-12-01,Tokyo Tower,829
2024-12-01,Shibuya Crossing,761
2024-12-01,Fushimi Inari Shrine,352
2024-12-01,Arashiyama Bamboo Grove,774
2024-12-01,Osaka Castle,395
2024-12-01,Nara Park,550
2024-12-01,Sensoji Temple,892
2024-12-02,Tokyo Tower,528
2024-12-02,Shibuya Crossing,589
2024-12-02,Fushimi Inari Shrine,500
2024-12-02,Arashiyama Bamboo Grove,625
2024-12-02,Osaka Castle,709
2024-12-02,Nara Park,406
2024-12-02,Sensoji Temple,527
2024-12-03,Tokyo Tower,260
2024-12-03,Shibuya Crossing,313
2024-12-03,Fushimi Inari Shrine,390
2024-12-03,Arashiyama Bamboo Grove,646
2024-12-03,Osaka Castle,427
2024-12-03,Nara Park,771
2024-12-03,Sensoji Temple,630
2024-12-04,Tokyo Tower,245
2024-12-04,Shibuya Crossing,474
2024-12-04,Fushimi Inari Shrine,805
2024-12-04,Arashiyama Bamboo Grove,617
2024-12-04,Osaka Castle,539
2024-12-04,Nara Park,555
2024-12-04,Sensoji Temple,388
2024-12-05,Tokyo Tower,737
2024-12-05,Shibuya Crossing,659
2024-12-05,Fushimi Inari Shrine,491
2024-12-05,Arashiyama Bamboo Grove,269
2024-12-05,Osaka Castle,744
2024-12-05,Nara Park,678
2024-12-05,Sensoji Temple,400
2024-12-06,Tokyo Tower,251
2024-12-06,Shibuya Crossing,228
2024-12-06,Fushimi Inari Shrine,213
2024-12-06,Arashiyama Bamboo Grove,552
2024-12-06,Osaka Castle,575
2024-12-06,Nara Park,332
2024-12-06,Sensoji Temple,663
2024-12-07,Tokyo Tower,687
2024-12-07,Shibuya Crossing,626
2024-12-07,Fushimi Inari Shrine,716
2024-12-07,Arashiyama Bamboo Grove,752
2024-12-07,Osaka Castle,436
2024-12-07,Nara Park,383
2024-12-07,Sensoji Temple,544
2024-12-08,Tokyo Tower,633
2024-12-08,Shibuya Crossing,296
2024-12-08,Fushimi Inari Shrine,766
2024-12-08,Arashiyama Bamboo Grove,452
2024-12-08,Osaka Castle,953
2024-12-08,Nara Park,611
2024-12-08,Sensoji Temple,50
2024-12-09,Tokyo Tower,500
2024-12-09,Shibuya Crossing,498
2024-12-09,Fushimi Inari Shrine,266
2024-12-09,Arashiyama Bamboo Grove,740
2024-12-09,Osaka Castle,286
2024-12-09,Nara Park,226
2024-12-09,Sensoji Temple,677
2024-12-10,Tokyo Tower,748
2024-12-10,Shibuya Crossing,711
2024-12-10,Fushimi Inari Shrine,423
2024-12-10,Arashiyama Bamboo Grove,556
2024-12-10,Osaka Castle,358
2024-12-10,Nara Park,529
2024-12-10,Sensoji Temple,669
2024-12-11,Tokyo Tower,305
2024-12-11,Shibuya Crossing,316
2024-12-11,Fushimi Inari Shrine,250
2024-12-11,Arashiyama Bamboo Grove,372
2024-12-11,Osaka Castle,652
2024-12-11,Nara Park,745
2024-12-11,Sensoji Temple,674
2024-12-12,Tokyo Tower,319
2024-12-12,Shibuya Crossing,190
2024-12-12,Fushimi Inari Shrine,477
2024-12-12,Arashiyama Bamboo Grove,324
2024-12-12,Osaka Castle,902
2024-12-12,Nara Park,326
2024-12-12,Sensoji Temple,447
2024-12-13,Tokyo Tower,425
2024-12-13,Shibuya Crossing,412
2024-12-13,Fushimi Inari Shrine,710
2024-12-13,Arashiyama Bamboo Grove,765
2024-12-13,Osaka Castle,299
2024-12-13,Nara Park,485
2024-12-13,Sensoji Temple,188
2024-12-14,Tokyo Tower,687
2024-12-14,Shibuya Crossing,658
2024-12-14,Fushimi Inari Shrine,235
2024-12-14,Arashiyama Bamboo Grove,431
2024-12-14,Osaka Castle,665
2024-12-14,Nara Park,557
2024-12-14,Sensoji Temple,636
2024-12-15,Tokyo Tower,359
2024-12-15,Shibuya Crossing,588
2024-12-15,Fushimi Inari Shrine,455
2024-12-15,Arashiyama Bamboo Grove,603
2024-12-15,Osaka Castle,534
2024-12-15,Nara Park,788
2024-12-15,Sensoji Temple,489
2024-12-16,Tokyo Tower,492
2024-12-16,Shibuya Crossing,457
2024-12-16,Fushimi Inari Shrine,721
2024-12-16,Arashiyama Bamboo Grove,184
2024-12-16,Osaka Castle,820
2024-12-16,Nara Park,522
2024-12-16,Sensoji Temple,715
2024-12-17,Tokyo Tower,251
2024-12-17,Shibuya Crossing,425
2024-12-17,Fushimi Inari Shrine,482
2024-12-17,Arashiyama Bamboo Grove,384
2024-12-17,Osaka Castle,694
2024-12-17,Nara Park,159
2024-12-17,Sensoji Temple,693
2024-12-18,Tokyo Tower,584
2024-12-18,Shibuya Crossing,505
2024-12-18,Fushimi Inari Shrine,726
2024-12-18,Arashiyama Bamboo Grove,634
2024-12-18,Osaka Castle,302
2024-12-18,Nara Park,477
2024-12-18,Sensoji Temple,457
2024-12-19,Tokyo Tower,282
2024-12-19,Shibuya Crossing,682
2024-12-19,Fushimi Inari Shrine,284
2024-12-19,Arashiyama Bamboo Grove,845
2024-12-19,Osaka Castle,539
2024-12-19,Nara Park,561
2024-12-19,Sensoji Temple,606
2024-12-20,Tokyo Tower,780
2024-12-20,Shibuya Crossing,767
2024-12-20,Fushimi Inari Shrine,638
2024-12-20,Arashiyama Bamboo Grove,644
2024-12-20,Osaka Castle,476
2024-12-20,Nara Park,734
2024-12-20,Sensoji Temple,611
2024-12-21,Tokyo Tower,348
2024-12-21,Shibuya Crossing,570
2024-12-21,Fushimi Inari Shrine,247
2024-12-21,Arashiyama Bamboo Grove,362
2024-12-21,Osaka Castle,418
2024-12-21,Nara Park,201
2024-12-21,Sensoji Temple,664
2024-12-22,Tokyo Tower,373
2024-12-22,Shibuya Crossing,160
2024-12-22,Fushimi Inari Shrine,548
2024-12-22,Arashiyama Bamboo Grove,470
2024-12-22,Osaka Castle,253
2024-12-22,Nara Park,454
2024-12-22,Sensoji Temple,521
2024-12-23,Tokyo Tower,616
2024-12-23,Shibuya Crossing,249
2024-12-23,Fushimi Inari Shrine,362
2024-12-23,Arashiyama Bamboo Grove,190
2024-12-23,Osaka Castle,706
2024-12-23,Nara Park,638
2024-12-23,Sensoji Temple,403
2024-12-24,Tokyo Tower,605
2024-12-24,Shibuya Crossing,657
2024-12-24,Fushimi Inari Shrine,425
2024-12-24,Arashiyama Bamboo Grove,136
2024-12-24,Osaka Castle,472
2024-12-24,Nara Park,451
2024-12-24,Sensoji Temple,431
2024-12-25,Tokyo Tower,325
2024-12-25,Shibuya Crossing,735
2024-12-25,Fushimi Inari Shrine,168
2024-12-25,Arashiyama Bamboo Grove,226
2024-12-25,Osaka Castle,700
2024-12-25,Nara Park,456
2024-12-25,Sensoji Temple,360
2024-12-26,Tokyo Tower,780
2024-12-26,Shibuya Crossing,377
2024-12-26,Fushimi Inari Shrine,505
2024-12-26,Arashiyama Bamboo Grove,298
2024-12-26,Osaka Castle,711
2024-12-26,Nara Park,260
2024-12-26,Sensoji Temple,454
2024-12-27,Tokyo Tower,86
2024-12-27,Shibuya Crossing,761
2024-12-27,Fushimi Inari Shrine,253
2024-12-27,Arashiyama Bamboo Grove,655
2024-12-27,Osaka Castle,376
2024-12-27,Nara Park,285
2024-12-27,Sensoji Temple,547
2024-12-28,Tokyo Tower,170
2024-12-28,Shibuya Crossing,387
2024-12-28,Fushimi Inari Shrine,752
2024-12-28,Arashiyama Bamboo Grove,505
2024-12-28,Osaka Castle,422
2024-12-28,Nara Park,242
2024-12-28,Sensoji Temple,516
2024-12-29,Tokyo Tower,687
2024-12-29,Shibuya Crossing,170
2024-12-29,Fushimi Inari Shrine,297
2024-12-29,Arashiyama Bamboo Grove,69
2024-12-29,Osaka Castle,273
2024-12-29,Nara Park,797
2024-12-29,Sensoji Temple,309
2024-12-30,Tokyo Tower,689
2024-12-30,Shibuya Crossing,353
2024-12-30,Fushimi Inari Shrine,569
2024-12-30,Arashiyama Bamboo Grove,543
2024-12-30,Osaka Castle,713
2024-12-30,Nara Park,715
2024-12-30,Sensoji Temple,744
